t,pop,y,estrategia,frequencia
100,0,0,O,0.1117
100,0,0,Y,0.8883
100,0,0,B,0.0
100,0,1,O,0.1639
100,0,1,Y,0.6174
100,0,1,B,0.2187
100,0,2,O,0.2981
100,0,2,Y,0.5171
100,0,2,B,0.1848
100,0,3,O,0.1418
100,0,3,Y,0.5875
100,0,3,B,0.2707
100,0,4,O,0.1287
100,0,4,Y,0.5979
100,0,4,B,0.2734
100,0,5,O,0.2017
100,0,5,Y,0.4839
100,0,5,B,0.3144
100,0,6,O,0.201
100,0,6,Y,0.4878
100,0,6,B,0.3112
100,0,7,O,0.3572
100,0,7,Y,0.39
100,0,7,B,0.2528
100,0,8,O,0.1307
100,0,8,Y,0.278
100,0,8,B,0.5913
100,0,9,O,0.057
100,0,9,Y,0.1011
100,0,9,B,0.8419
100,0,10,O,0.0088
100,0,10,Y,0.0321
100,0,10,B,0.9591
100,0,11,O,0.0
100,0,11,Y,0.0445
100,0,11,B,0.9555
100,0,12,O,0.0
100,0,12,Y,0.1654
100,0,12,B,0.8346
100,0,13,O,0.0
100,0,13,Y,0.2043
100,0,13,B,0.7957
100,0,14,O,0.0
100,0,14,Y,0.2607
100,0,14,B,0.7393
100,0,15,O,0.0
100,0,15,Y,0.3166
100,0,15,B,0.6834
100,0,16,O,0.0
100,0,16,Y,0.2914
100,0,16,B,0.7086
100,0,17,O,0.0
100,0,17,Y,0.296
100,0,17,B,0.704
100,0,18,O,0.0
100,0,18,Y,0.2953
100,0,18,B,0.7047
100,0,19,O,0.0
100,0,19,Y,0.2944
100,0,19,B,0.7056
100,0,20,O,0.0
100,0,20,Y,0.3151
100,0,20,B,0.6849
100,0,21,O,0.0
100,0,21,Y,0.2867
100,0,21,B,0.7133
100,0,22,O,0.0
100,0,22,Y,0.2633
100,0,22,B,0.7367
100,0,23,O,0.0
100,0,23,Y,0.3032
100,0,23,B,0.6968
100,1,0,O,0.1102
100,1,0,Y,0.8898
100,1,0,B,0.0
100,1,1,O,0.1697
100,1,1,Y,0.7011
100,1,1,B,0.1292
100,1,2,O,0.3172
100,1,2,Y,0.5146
100,1,2,B,0.1682
100,1,3,O,0.1396
100,1,3,Y,0.5792
100,1,3,B,0.2812
100,1,4,O,0.1199
100,1,4,Y,0.5322
100,1,4,B,0.3479
100,1,5,O,0.1996
100,1,5,Y,0.4904
100,1,5,B,0.31
100,1,6,O,0.1996
100,1,6,Y,0.4904
100,1,6,B,0.31
100,1,7,O,0.3981
100,1,7,Y,0.3654
100,1,7,B,0.2365
100,1,8,O,0.1581
100,1,8,Y,0.3099
100,1,8,B,0.532
100,1,9,O,0.0362
100,1,9,Y,0.0957
100,1,9,B,0.8681
100,1,10,O,0.0036
100,1,10,Y,0.0141
100,1,10,B,0.9823
100,1,11,O,0.0
100,1,11,Y,0.0425
100,1,11,B,0.9575
100,1,12,O,0.0
100,1,12,Y,0.1664
100,1,12,B,0.8336
100,1,13,O,0.0
100,1,13,Y,0.2082
100,1,13,B,0.7918
100,1,14,O,0.0
100,1,14,Y,0.2455
100,1,14,B,0.7545
100,1,15,O,0.0
100,1,15,Y,0.3097
100,1,15,B,0.6903
100,1,16,O,0.0
100,1,16,Y,0.3043
100,1,16,B,0.6957
100,1,17,O,0.0
100,1,17,Y,0.2774
100,1,17,B,0.7226
100,1,18,O,0.0
100,1,18,Y,0.2881
100,1,18,B,0.7119
100,1,19,O,0.0
100,1,19,Y,0.2814
100,1,19,B,0.7186
100,1,20,O,0.0
100,1,20,Y,0.2885
100,1,20,B,0.7115
100,1,21,O,0.0
100,1,21,Y,0.2713
100,1,21,B,0.7287
100,1,22,O,0.0
100,1,22,Y,0.2346
100,1,22,B,0.7654
100,1,23,O,0.0
100,1,23,Y,0.2467
100,1,23,B,0.7533
100,2,0,O,0.1087
100,2,0,Y,0.8913
100,2,0,B,0.0
100,2,1,O,0.1561
100,2,1,Y,0.6897
100,2,1,B,0.1542
100,2,2,O,0.2806
100,2,2,Y,0.5371
100,2,2,B,0.1823
100,2,3,O,0.1336
100,2,3,Y,0.5759
100,2,3,B,0.2905
100,2,4,O,0.1375
100,2,4,Y,0.5535
100,2,4,B,0.309
100,2,5,O,0.1987
100,2,5,Y,0.4904
100,2,5,B,0.3109
100,2,6,O,0.2075
100,2,6,Y,0.4911
100,2,6,B,0.3014
100,2,7,O,0.3683
100,2,7,Y,0.3938
100,2,7,B,0.2379
100,2,8,O,0.144
100,2,8,Y,0.341
100,2,8,B,0.515
100,2,9,O,0.0656
100,2,9,Y,0.1439
100,2,9,B,0.7905
100,2,10,O,0.0
100,2,10,Y,0.0
100,2,10,B,1.0
100,2,11,O,0.0
100,2,11,Y,0.0502
100,2,11,B,0.9498
100,2,12,O,0.0
100,2,12,Y,0.1617
100,2,12,B,0.8383
100,2,13,O,0.0
100,2,13,Y,0.2111
100,2,13,B,0.7889
100,2,14,O,0.0
100,2,14,Y,0.2436
100,2,14,B,0.7564
100,2,15,O,0.0
100,2,15,Y,0.3131
100,2,15,B,0.6869
100,2,16,O,0.0
100,2,16,Y,0.2843
100,2,16,B,0.7157
100,2,17,O,0.0
100,2,17,Y,0.317
100,2,17,B,0.683
100,2,18,O,0.0
100,2,18,Y,0.3034
100,2,18,B,0.6966
100,2,19,O,0.0
100,2,19,Y,0.3213
100,2,19,B,0.6787
100,2,20,O,0.0
100,2,20,Y,0.2894
100,2,20,B,0.7106
100,2,21,O,0.0
100,2,21,Y,0.2642
100,2,21,B,0.7358
100,2,22,O,0.0
100,2,22,Y,0.2407
100,2,22,B,0.7593
100,2,23,O,0.0
100,2,23,Y,0.2268
100,2,23,B,0.7732
100,3,0,O,0.1104
100,3,0,Y,0.8896
100,3,0,B,0.0
100,3,1,O,0.1705
100,3,1,Y,0.6908
100,3,1,B,0.1387
100,3,2,O,0.3039
100,3,2,Y,0.4922
100,3,2,B,0.2039
100,3,3,O,0.1036
100,3,3,Y,0.6601
100,3,3,B,0.2363
100,3,4,O,0.1155
100,3,4,Y,0.5905
100,3,4,B,0.294
100,3,5,O,0.1973
100,3,5,Y,0.4905
100,3,5,B,0.3122
100,3,6,O,0.1936
100,3,6,Y,0.4973
100,3,6,B,0.3091
100,3,7,O,0.3717
100,3,7,Y,0.3719
100,3,7,B,0.2564
100,3,8,O,0.1522
100,3,8,Y,0.3112
100,3,8,B,0.5366
100,3,9,O,0.0421
100,3,9,Y,0.1184
100,3,9,B,0.8395
100,3,10,O,0.0
100,3,10,Y,0.0
100,3,10,B,1.0
100,3,11,O,0.0
100,3,11,Y,0.0408
100,3,11,B,0.9592
100,3,12,O,0.0
100,3,12,Y,0.1634
100,3,12,B,0.8366
100,3,13,O,0.0
100,3,13,Y,0.207
100,3,13,B,0.793
100,3,14,O,0.0
100,3,14,Y,0.2392
100,3,14,B,0.7608
100,3,15,O,0.0
100,3,15,Y,0.2953
100,3,15,B,0.7047
100,3,16,O,0.0
100,3,16,Y,0.2888
100,3,16,B,0.7112
100,3,17,O,0.0
100,3,17,Y,0.2839
100,3,17,B,0.7161
100,3,18,O,0.0
100,3,18,Y,0.2855
100,3,18,B,0.7145
100,3,19,O,0.0
100,3,19,Y,0.2912
100,3,19,B,0.7088
100,3,20,O,0.0
100,3,20,Y,0.2877
100,3,20,B,0.7123
100,3,21,O,0.0
100,3,21,Y,0.2635
100,3,21,B,0.7365
100,3,22,O,0.0
100,3,22,Y,0.2719
100,3,22,B,0.7281
100,3,23,O,0.0
100,3,23,Y,0.2801
100,3,23,B,0.7199
100,4,0,O,0.1099
100,4,0,Y,0.8901
100,4,0,B,0.0
100,4,1,O,0.1953
100,4,1,Y,0.6501
100,4,1,B,0.1546
100,4,2,O,0.2581
100,4,2,Y,0.5324
100,4,2,B,0.2095
100,4,3,O,0.1229
100,4,3,Y,0.6806
100,4,3,B,0.1965
100,4,4,O,0.1181
100,4,4,Y,0.6203
100,4,4,B,0.2616
100,4,5,O,0.2131
100,4,5,Y,0.4734
100,4,5,B,0.3135
100,4,6,O,0.2092
100,4,6,Y,0.4838
100,4,6,B,0.307
100,4,7,O,0.3577
100,4,7,Y,0.3981
100,4,7,B,0.2442
100,4,8,O,0.1422
100,4,8,Y,0.2844
100,4,8,B,0.5734
100,4,9,O,0.0578
100,4,9,Y,0.1167
100,4,9,B,0.8255
100,4,10,O,0.0004
100,4,10,Y,0.0038
100,4,10,B,0.9958
100,4,11,O,0.0
100,4,11,Y,0.0406
100,4,11,B,0.9594
100,4,12,O,0.0
100,4,12,Y,0.1664
100,4,12,B,0.8336
100,4,13,O,0.0
100,4,13,Y,0.2254
100,4,13,B,0.7746
100,4,14,O,0.0
100,4,14,Y,0.2398
100,4,14,B,0.7602
100,4,15,O,0.0
100,4,15,Y,0.2953
100,4,15,B,0.7047
100,4,16,O,0.0
100,4,16,Y,0.2953
100,4,16,B,0.7047
100,4,17,O,0.0
100,4,17,Y,0.2815
100,4,17,B,0.7185
100,4,18,O,0.0
100,4,18,Y,0.2974
100,4,18,B,0.7026
100,4,19,O,0.0
100,4,19,Y,0.2917
100,4,19,B,0.7083
100,4,20,O,0.0
100,4,20,Y,0.2398
100,4,20,B,0.7602
100,4,21,O,0.0
100,4,21,Y,0.2714
100,4,21,B,0.7286
100,4,22,O,0.0
100,4,22,Y,0.2698
100,4,22,B,0.7302
100,4,23,O,0.0
100,4,23,Y,0.2911
100,4,23,B,0.7089
100,5,0,O,0.1138
100,5,0,Y,0.8862
100,5,0,B,0.0
100,5,1,O,0.1786
100,5,1,Y,0.6804
100,5,1,B,0.141
100,5,2,O,0.2812
100,5,2,Y,0.5232
100,5,2,B,0.1956
100,5,3,O,0.1367
100,5,3,Y,0.5111
100,5,3,B,0.3522
100,5,4,O,0.1211
100,5,4,Y,0.6132
100,5,4,B,0.2657
100,5,5,O,0.2137
100,5,5,Y,0.4885
100,5,5,B,0.2978
100,5,6,O,0.2128
100,5,6,Y,0.4897
100,5,6,B,0.2975
100,5,7,O,0.353
100,5,7,Y,0.3814
100,5,7,B,0.2656
100,5,8,O,0.163
100,5,8,Y,0.2847
100,5,8,B,0.5523
100,5,9,O,0.046
100,5,9,Y,0.1122
100,5,9,B,0.8418
100,5,10,O,0.0006
100,5,10,Y,0.0065
100,5,10,B,0.9929
100,5,11,O,0.0
100,5,11,Y,0.0491
100,5,11,B,0.9509
100,5,12,O,0.0
100,5,12,Y,0.1712
100,5,12,B,0.8288
100,5,13,O,0.0
100,5,13,Y,0.206
100,5,13,B,0.794
100,5,14,O,0.0
100,5,14,Y,0.2467
100,5,14,B,0.7533
100,5,15,O,0.0
100,5,15,Y,0.2951
100,5,15,B,0.7049
100,5,16,O,0.0
100,5,16,Y,0.2989
100,5,16,B,0.7011
100,5,17,O,0.0
100,5,17,Y,0.2839
100,5,17,B,0.7161
100,5,18,O,0.0
100,5,18,Y,0.2939
100,5,18,B,0.7061
100,5,19,O,0.0
100,5,19,Y,0.2769
100,5,19,B,0.7231
100,5,20,O,0.0
100,5,20,Y,0.3352
100,5,20,B,0.6648
100,5,21,O,0.0
100,5,21,Y,0.2865
100,5,21,B,0.7135
100,5,22,O,0.0
100,5,22,Y,0.2657
100,5,22,B,0.7343
100,5,23,O,0.0
100,5,23,Y,0.2453
100,5,23,B,0.7547
100,6,0,O,0.1037
100,6,0,Y,0.8963
100,6,0,B,0.0
100,6,1,O,0.1723
100,6,1,Y,0.6789
100,6,1,B,0.1488
100,6,2,O,0.3048
100,6,2,Y,0.5219
100,6,2,B,0.1733
100,6,3,O,0.1862
100,6,3,Y,0.4916
100,6,3,B,0.3222
100,6,4,O,0.1577
100,6,4,Y,0.5213
100,6,4,B,0.321
100,6,5,O,0.1904
100,6,5,Y,0.5014
100,6,5,B,0.3082
100,6,6,O,0.1855
100,6,6,Y,0.5121
100,6,6,B,0.3024
100,6,7,O,0.3589
100,6,7,Y,0.3959
100,6,7,B,0.2452
100,6,8,O,0.1167
100,6,8,Y,0.2896
100,6,8,B,0.5937
100,6,9,O,0.0542
100,6,9,Y,0.1458
100,6,9,B,0.8
100,6,10,O,0.0
100,6,10,Y,0.0
100,6,10,B,1.0
100,6,11,O,0.0
100,6,11,Y,0.0469
100,6,11,B,0.9531
100,6,12,O,0.0
100,6,12,Y,0.1586
100,6,12,B,0.8414
100,6,13,O,0.0
100,6,13,Y,0.2045
100,6,13,B,0.7955
100,6,14,O,0.0
100,6,14,Y,0.2517
100,6,14,B,0.7483
100,6,15,O,0.0
100,6,15,Y,0.3022
100,6,15,B,0.6978
100,6,16,O,0.0
100,6,16,Y,0.2799
100,6,16,B,0.7201
100,6,17,O,0.0
100,6,17,Y,0.2703
100,6,17,B,0.7297
100,6,18,O,0.0
100,6,18,Y,0.2714
100,6,18,B,0.7286
100,6,19,O,0.0
100,6,19,Y,0.2899
100,6,19,B,0.7101
100,6,20,O,0.0
100,6,20,Y,0.2583
100,6,20,B,0.7417
100,6,21,O,0.0
100,6,21,Y,0.2953
100,6,21,B,0.7047
100,6,22,O,0.0
100,6,22,Y,0.2892
100,6,22,B,0.7108
100,6,23,O,0.0
100,6,23,Y,0.2483
100,6,23,B,0.7517
100,7,0,O,0.1055
100,7,0,Y,0.8945
100,7,0,B,0.0
100,7,1,O,0.1641
100,7,1,Y,0.7195
100,7,1,B,0.1164
100,7,2,O,0.2973
100,7,2,Y,0.5263
100,7,2,B,0.1764
100,7,3,O,0.1358
100,7,3,Y,0.5786
100,7,3,B,0.2856
100,7,4,O,0.1572
100,7,4,Y,0.5494
100,7,4,B,0.2934
100,7,5,O,0.2054
100,7,5,Y,0.4899
100,7,5,B,0.3047
100,7,6,O,0.201
100,7,6,Y,0.4873
100,7,6,B,0.3117
100,7,7,O,0.3887
100,7,7,Y,0.3628
100,7,7,B,0.2485
100,7,8,O,0.1303
100,7,8,Y,0.2856
100,7,8,B,0.5841
100,7,9,O,0.0478
100,7,9,Y,0.0648
100,7,9,B,0.8874
100,7,10,O,0.0
100,7,10,Y,0.0
100,7,10,B,1.0
100,7,11,O,0.0
100,7,11,Y,0.0421
100,7,11,B,0.9579
100,7,12,O,0.0
100,7,12,Y,0.1656
100,7,12,B,0.8344
100,7,13,O,0.0
100,7,13,Y,0.2307
100,7,13,B,0.7693
100,7,14,O,0.0
100,7,14,Y,0.2408
100,7,14,B,0.7592
100,7,15,O,0.0
100,7,15,Y,0.3001
100,7,15,B,0.6999
100,7,16,O,0.0
100,7,16,Y,0.289
100,7,16,B,0.711
100,7,17,O,0.0
100,7,17,Y,0.2741
100,7,17,B,0.7259
100,7,18,O,0.0
100,7,18,Y,0.2997
100,7,18,B,0.7003
100,7,19,O,0.0
100,7,19,Y,0.2804
100,7,19,B,0.7196
100,7,20,O,0.0
100,7,20,Y,0.2716
100,7,20,B,0.7284
100,7,21,O,0.0
100,7,21,Y,0.2382
100,7,21,B,0.7618
100,7,22,O,0.0
100,7,22,Y,0.2364
100,7,22,B,0.7636
100,7,23,O,0.0
100,7,23,Y,0.2618
100,7,23,B,0.7382
100,8,0,O,0.1099
100,8,0,Y,0.8901
100,8,0,B,0.0
100,8,1,O,0.1703
100,8,1,Y,0.7049
100,8,1,B,0.1248
100,8,2,O,0.27
100,8,2,Y,0.5192
100,8,2,B,0.2108
100,8,3,O,0.1571
100,8,3,Y,0.6263
100,8,3,B,0.2166
100,8,4,O,0.1475
100,8,4,Y,0.5862
100,8,4,B,0.2663
100,8,5,O,0.2046
100,8,5,Y,0.4802
100,8,5,B,0.3152
100,8,6,O,0.2107
100,8,6,Y,0.4868
100,8,6,B,0.3025
100,8,7,O,0.4198
100,8,7,Y,0.3477
100,8,7,B,0.2325
100,8,8,O,0.134
100,8,8,Y,0.2809
100,8,8,B,0.5851
100,8,9,O,0.0453
100,8,9,Y,0.1506
100,8,9,B,0.8041
100,8,10,O,0.011
100,8,10,Y,0.0465
100,8,10,B,0.9425
100,8,11,O,0.0
100,8,11,Y,0.0458
100,8,11,B,0.9542
100,8,12,O,0.0
100,8,12,Y,0.1657
100,8,12,B,0.8343
100,8,13,O,0.0
100,8,13,Y,0.2002
100,8,13,B,0.7998
100,8,14,O,0.0
100,8,14,Y,0.2543
100,8,14,B,0.7457
100,8,15,O,0.0
100,8,15,Y,0.3028
100,8,15,B,0.6972
100,8,16,O,0.0
100,8,16,Y,0.2852
100,8,16,B,0.7148
100,8,17,O,0.0
100,8,17,Y,0.294
100,8,17,B,0.706
100,8,18,O,0.0
100,8,18,Y,0.2864
100,8,18,B,0.7136
100,8,19,O,0.0
100,8,19,Y,0.3083
100,8,19,B,0.6917
100,8,20,O,0.0
100,8,20,Y,0.2878
100,8,20,B,0.7122
100,8,21,O,0.0
100,8,21,Y,0.2761
100,8,21,B,0.7239
100,8,22,O,0.0
100,8,22,Y,0.2526
100,8,22,B,0.7474
100,8,23,O,0.0
100,8,23,Y,0.2512
100,8,23,B,0.7488
100,9,0,O,0.1032
100,9,0,Y,0.8968
100,9,0,B,0.0
100,9,1,O,0.1652
100,9,1,Y,0.7069
100,9,1,B,0.1279
100,9,2,O,0.2904
100,9,2,Y,0.5357
100,9,2,B,0.1739
100,9,3,O,0.1273
100,9,3,Y,0.4976
100,9,3,B,0.3751
100,9,4,O,0.1268
100,9,4,Y,0.5262
100,9,4,B,0.347
100,9,5,O,0.207
100,9,5,Y,0.4792
100,9,5,B,0.3138
100,9,6,O,0.1987
100,9,6,Y,0.485
100,9,6,B,0.3163
100,9,7,O,0.3871
100,9,7,Y,0.3767
100,9,7,B,0.2362
100,9,8,O,0.1411
100,9,8,Y,0.3443
100,9,8,B,0.5146
100,9,9,O,0.034
100,9,9,Y,0.1188
100,9,9,B,0.8472
100,9,10,O,0.0163
100,9,10,Y,0.0412
100,9,10,B,0.9425
100,9,11,O,0.0
100,9,11,Y,0.0456
100,9,11,B,0.9544
100,9,12,O,0.0
100,9,12,Y,0.1622
100,9,12,B,0.8378
100,9,13,O,0.0
100,9,13,Y,0.2101
100,9,13,B,0.7899
100,9,14,O,0.0
100,9,14,Y,0.2446
100,9,14,B,0.7554
100,9,15,O,0.0
100,9,15,Y,0.3081
100,9,15,B,0.6919
100,9,16,O,0.0
100,9,16,Y,0.2956
100,9,16,B,0.7044
100,9,17,O,0.0
100,9,17,Y,0.2757
100,9,17,B,0.7243
100,9,18,O,0.0
100,9,18,Y,0.2642
100,9,18,B,0.7358
100,9,19,O,0.0
100,9,19,Y,0.2851
100,9,19,B,0.7149
100,9,20,O,0.0
100,9,20,Y,0.3038
100,9,20,B,0.6962
100,9,21,O,0.0
100,9,21,Y,0.2874
100,9,21,B,0.7126
100,9,22,O,0.0
100,9,22,Y,0.2527
100,9,22,B,0.7473
100,9,23,O,0.0
100,9,23,Y,0.2958
100,9,23,B,0.7042
100,10,0,O,0.1093
100,10,0,Y,0.8907
100,10,0,B,0.0
100,10,1,O,0.142
100,10,1,Y,0.5998
100,10,1,B,0.2582
100,10,2,O,0.295
100,10,2,Y,0.5109
100,10,2,B,0.1941
100,10,3,O,0.1515
100,10,3,Y,0.5925
100,10,3,B,0.256
100,10,4,O,0.1353
100,10,4,Y,0.5756
100,10,4,B,0.2891
100,10,5,O,0.2005
100,10,5,Y,0.497
100,10,5,B,0.3025
100,10,6,O,0.2192
100,10,6,Y,0.4727
100,10,6,B,0.3081
100,10,7,O,0.3858
100,10,7,Y,0.3746
100,10,7,B,0.2396
100,10,8,O,0.1357
100,10,8,Y,0.3105
100,10,8,B,0.5538
100,10,9,O,0.0507
100,10,9,Y,0.1097
100,10,9,B,0.8396
100,10,10,O,0.0102
100,10,10,Y,0.0297
100,10,10,B,0.9601
100,10,11,O,0.0
100,10,11,Y,0.0389
100,10,11,B,0.9611
100,10,12,O,0.0
100,10,12,Y,0.1686
100,10,12,B,0.8314
100,10,13,O,0.0
100,10,13,Y,0.2078
100,10,13,B,0.7922
100,10,14,O,0.0
100,10,14,Y,0.2468
100,10,14,B,0.7532
100,10,15,O,0.0
100,10,15,Y,0.3105
100,10,15,B,0.6895
100,10,16,O,0.0
100,10,16,Y,0.3
100,10,16,B,0.7
100,10,17,O,0.0
100,10,17,Y,0.2735
100,10,17,B,0.7265
100,10,18,O,0.0
100,10,18,Y,0.2775
100,10,18,B,0.7225
100,10,19,O,0.0
100,10,19,Y,0.2962
100,10,19,B,0.7038
100,10,20,O,0.0
100,10,20,Y,0.3056
100,10,20,B,0.6944
100,10,21,O,0.0
100,10,21,Y,0.2818
100,10,21,B,0.7182
100,10,22,O,0.0
100,10,22,Y,0.2912
100,10,22,B,0.7088
100,10,23,O,0.0
100,10,23,Y,0.2767
100,10,23,B,0.7233
100,11,0,O,0.1087
100,11,0,Y,0.8913
100,11,0,B,0.0
100,11,1,O,0.1403
100,11,1,Y,0.7194
100,11,1,B,0.1403
100,11,2,O,0.3043
100,11,2,Y,0.497
100,11,2,B,0.1987
100,11,3,O,0.1185
100,11,3,Y,0.5999
100,11,3,B,0.2816
100,11,4,O,0.0983
100,11,4,Y,0.6567
100,11,4,B,0.245
100,11,5,O,0.2034
100,11,5,Y,0.4813
100,11,5,B,0.3153
100,11,6,O,0.2069
100,11,6,Y,0.4879
100,11,6,B,0.3052
100,11,7,O,0.3568
100,11,7,Y,0.3937
100,11,7,B,0.2495
100,11,8,O,0.1523
100,11,8,Y,0.3077
100,11,8,B,0.54
100,11,9,O,0.0558
100,11,9,Y,0.1391
100,11,9,B,0.8051
100,11,10,O,0.0009
100,11,10,Y,0.0074
100,11,10,B,0.9917
100,11,11,O,0.0
100,11,11,Y,0.0493
100,11,11,B,0.9507
100,11,12,O,0.0
100,11,12,Y,0.1636
100,11,12,B,0.8364
100,11,13,O,0.0
100,11,13,Y,0.2163
100,11,13,B,0.7837
100,11,14,O,0.0
100,11,14,Y,0.2575
100,11,14,B,0.7425
100,11,15,O,0.0
100,11,15,Y,0.2951
100,11,15,B,0.7049
100,11,16,O,0.0
100,11,16,Y,0.3046
100,11,16,B,0.6954
100,11,17,O,0.0
100,11,17,Y,0.2874
100,11,17,B,0.7126
100,11,18,O,0.0
100,11,18,Y,0.2908
100,11,18,B,0.7092
100,11,19,O,0.0
100,11,19,Y,0.2976
100,11,19,B,0.7024
100,11,20,O,0.0
100,11,20,Y,0.2711
100,11,20,B,0.7289
100,11,21,O,0.0
100,11,21,Y,0.2495
100,11,21,B,0.7505
100,11,22,O,0.0
100,11,22,Y,0.2569
100,11,22,B,0.7431
100,11,23,O,0.0
100,11,23,Y,0.2661
100,11,23,B,0.7339
100,12,0,O,0.1079
100,12,0,Y,0.8921
100,12,0,B,0.0
100,12,1,O,0.1503
100,12,1,Y,0.713
100,12,1,B,0.1367
100,12,2,O,0.285
100,12,2,Y,0.5117
100,12,2,B,0.2033
100,12,3,O,0.1341
100,12,3,Y,0.5378
100,12,3,B,0.3281
100,12,4,O,0.153
100,12,4,Y,0.5377
100,12,4,B,0.3093
100,12,5,O,0.2156
100,12,5,Y,0.4774
100,12,5,B,0.307
100,12,6,O,0.216
100,12,6,Y,0.4723
100,12,6,B,0.3117
100,12,7,O,0.3691
100,12,7,Y,0.3803
100,12,7,B,0.2506
100,12,8,O,0.1712
100,12,8,Y,0.2932
100,12,8,B,0.5356
100,12,9,O,0.0426
100,12,9,Y,0.1437
100,12,9,B,0.8137
100,12,10,O,0.0078
100,12,10,Y,0.0247
100,12,10,B,0.9675
100,12,11,O,0.0
100,12,11,Y,0.0442
100,12,11,B,0.9558
100,12,12,O,0.0
100,12,12,Y,0.1646
100,12,12,B,0.8354
100,12,13,O,0.0
100,12,13,Y,0.2099
100,12,13,B,0.7901
100,12,14,O,0.0
100,12,14,Y,0.2402
100,12,14,B,0.7598
100,12,15,O,0.0
100,12,15,Y,0.3271
100,12,15,B,0.6729
100,12,16,O,0.0
100,12,16,Y,0.3056
100,12,16,B,0.6944
100,12,17,O,0.0
100,12,17,Y,0.2835
100,12,17,B,0.7165
100,12,18,O,0.0
100,12,18,Y,0.2672
100,12,18,B,0.7328
100,12,19,O,0.0
100,12,19,Y,0.2783
100,12,19,B,0.7217
100,12,20,O,0.0
100,12,20,Y,0.2622
100,12,20,B,0.7378
100,12,21,O,0.0
100,12,21,Y,0.2791
100,12,21,B,0.7209
100,12,22,O,0.0
100,12,22,Y,0.2605
100,12,22,B,0.7395
100,12,23,O,0.0
100,12,23,Y,0.2934
100,12,23,B,0.7066
100,13,0,O,0.1034
100,13,0,Y,0.8966
100,13,0,B,0.0
100,13,1,O,0.1591
100,13,1,Y,0.6816
100,13,1,B,0.1593
100,13,2,O,0.2247
100,13,2,Y,0.5951
100,13,2,B,0.1802
100,13,3,O,0.1381
100,13,3,Y,0.5922
100,13,3,B,0.2697
100,13,4,O,0.1279
100,13,4,Y,0.5908
100,13,4,B,0.2813
100,13,5,O,0.1969
100,13,5,Y,0.4984
100,13,5,B,0.3047
100,13,6,O,0.1925
100,13,6,Y,0.4989
100,13,6,B,0.3086
100,13,7,O,0.4082
100,13,7,Y,0.3632
100,13,7,B,0.2286
100,13,8,O,0.1141
100,13,8,Y,0.2967
100,13,8,B,0.5892
100,13,9,O,0.0451
100,13,9,Y,0.1101
100,13,9,B,0.8448
100,13,10,O,0.0
100,13,10,Y,0.0
100,13,10,B,1.0
100,13,11,O,0.0
100,13,11,Y,0.0512
100,13,11,B,0.9488
100,13,12,O,0.0
100,13,12,Y,0.1633
100,13,12,B,0.8367
100,13,13,O,0.0
100,13,13,Y,0.2073
100,13,13,B,0.7927
100,13,14,O,0.0
100,13,14,Y,0.2534
100,13,14,B,0.7466
100,13,15,O,0.0
100,13,15,Y,0.3034
100,13,15,B,0.6966
100,13,16,O,0.0
100,13,16,Y,0.2921
100,13,16,B,0.7079
100,13,17,O,0.0
100,13,17,Y,0.2839
100,13,17,B,0.7161
100,13,18,O,0.0
100,13,18,Y,0.2905
100,13,18,B,0.7095
100,13,19,O,0.0
100,13,19,Y,0.3005
100,13,19,B,0.6995
100,13,20,O,0.0
100,13,20,Y,0.2715
100,13,20,B,0.7285
100,13,21,O,0.0
100,13,21,Y,0.2683
100,13,21,B,0.7317
100,13,22,O,0.0
100,13,22,Y,0.3096
100,13,22,B,0.6904
100,13,23,O,0.0
100,13,23,Y,0.2671
100,13,23,B,0.7329
100,14,0,O,0.1073
100,14,0,Y,0.8927
100,14,0,B,0.0
100,14,1,O,0.1454
100,14,1,Y,0.757
100,14,1,B,0.0976
100,14,2,O,0.2629
100,14,2,Y,0.5295
100,14,2,B,0.2076
100,14,3,O,0.1463
100,14,3,Y,0.5741
100,14,3,B,0.2796
100,14,4,O,0.1512
100,14,4,Y,0.5893
100,14,4,B,0.2595
100,14,5,O,0.1981
100,14,5,Y,0.4787
100,14,5,B,0.3232
100,14,6,O,0.1958
100,14,6,Y,0.4772
100,14,6,B,0.327
100,14,7,O,0.3586
100,14,7,Y,0.3946
100,14,7,B,0.2468
100,14,8,O,0.1438
100,14,8,Y,0.2763
100,14,8,B,0.5799
100,14,9,O,0.0727
100,14,9,Y,0.1426
100,14,9,B,0.7847
100,14,10,O,0.011
100,14,10,Y,0.0402
100,14,10,B,0.9488
100,14,11,O,0.0
100,14,11,Y,0.0392
100,14,11,B,0.9608
100,14,12,O,0.0
100,14,12,Y,0.1629
100,14,12,B,0.8371
100,14,13,O,0.0
100,14,13,Y,0.2164
100,14,13,B,0.7836
100,14,14,O,0.0
100,14,14,Y,0.2444
100,14,14,B,0.7556
100,14,15,O,0.0
100,14,15,Y,0.2863
100,14,15,B,0.7137
100,14,16,O,0.0
100,14,16,Y,0.2866
100,14,16,B,0.7134
100,14,17,O,0.0
100,14,17,Y,0.2926
100,14,17,B,0.7074
100,14,18,O,0.0
100,14,18,Y,0.2874
100,14,18,B,0.7126
100,14,19,O,0.0
100,14,19,Y,0.3126
100,14,19,B,0.6874
100,14,20,O,0.0
100,14,20,Y,0.2966
100,14,20,B,0.7034
100,14,21,O,0.0
100,14,21,Y,0.2798
100,14,21,B,0.7202
100,14,22,O,0.0
100,14,22,Y,0.2629
100,14,22,B,0.7371
100,14,23,O,0.0
100,14,23,Y,0.2362
100,14,23,B,0.7638
100,15,0,O,0.1067
100,15,0,Y,0.8933
100,15,0,B,0.0
100,15,1,O,0.1933
100,15,1,Y,0.6627
100,15,1,B,0.144
100,15,2,O,0.3144
100,15,2,Y,0.4713
100,15,2,B,0.2143
100,15,3,O,0.1473
100,15,3,Y,0.5135
100,15,3,B,0.3392
100,15,4,O,0.1564
100,15,4,Y,0.5388
100,15,4,B,0.3048
100,15,5,O,0.2058
100,15,5,Y,0.486
100,15,5,B,0.3082
100,15,6,O,0.211
100,15,6,Y,0.4807
100,15,6,B,0.3083
100,15,7,O,0.3751
100,15,7,Y,0.3742
100,15,7,B,0.2507
100,15,8,O,0.1295
100,15,8,Y,0.2713
100,15,8,B,0.5992
100,15,9,O,0.0222
100,15,9,Y,0.0385
100,15,9,B,0.9393
100,15,10,O,0.0135
100,15,10,Y,0.0565
100,15,10,B,0.93
100,15,11,O,0.0
100,15,11,Y,0.0499
100,15,11,B,0.9501
100,15,12,O,0.0
100,15,12,Y,0.1654
100,15,12,B,0.8346
100,15,13,O,0.0
100,15,13,Y,0.2166
100,15,13,B,0.7834
100,15,14,O,0.0
100,15,14,Y,0.2311
100,15,14,B,0.7689
100,15,15,O,0.0
100,15,15,Y,0.3026
100,15,15,B,0.6974
100,15,16,O,0.0
100,15,16,Y,0.2677
100,15,16,B,0.7323
100,15,17,O,0.0
100,15,17,Y,0.282
100,15,17,B,0.718
100,15,18,O,0.0
100,15,18,Y,0.2804
100,15,18,B,0.7196
100,15,19,O,0.0
100,15,19,Y,0.2625
100,15,19,B,0.7375
100,15,20,O,0.0
100,15,20,Y,0.2635
100,15,20,B,0.7365
100,15,21,O,0.0
100,15,21,Y,0.2778
100,15,21,B,0.7222
100,15,22,O,0.0
100,15,22,Y,0.2634
100,15,22,B,0.7366
100,15,23,O,0.0
100,15,23,Y,0.2506
100,15,23,B,0.7494
100,16,0,O,0.1065
100,16,0,Y,0.8935
100,16,0,B,0.0
100,16,1,O,0.1547
100,16,1,Y,0.7408
100,16,1,B,0.1045
100,16,2,O,0.2752
100,16,2,Y,0.521
100,16,2,B,0.2038
100,16,3,O,0.1276
100,16,3,Y,0.6623
100,16,3,B,0.2101
100,16,4,O,0.1476
100,16,4,Y,0.6379
100,16,4,B,0.2145
100,16,5,O,0.2163
100,16,5,Y,0.4723
100,16,5,B,0.3114
100,16,6,O,0.2137
100,16,6,Y,0.481
100,16,6,B,0.3053
100,16,7,O,0.404
100,16,7,Y,0.3554
100,16,7,B,0.2406
100,16,8,O,0.1349
100,16,8,Y,0.2875
100,16,8,B,0.5776
100,16,9,O,0.0612
100,16,9,Y,0.1615
100,16,9,B,0.7773
100,16,10,O,0.0
100,16,10,Y,0.0
100,16,10,B,1.0
100,16,11,O,0.0
100,16,11,Y,0.043
100,16,11,B,0.957
100,16,12,O,0.0
100,16,12,Y,0.184
100,16,12,B,0.816
100,16,13,O,0.0
100,16,13,Y,0.2135
100,16,13,B,0.7865
100,16,14,O,0.0
100,16,14,Y,0.2497
100,16,14,B,0.7503
100,16,15,O,0.0
100,16,15,Y,0.3036
100,16,15,B,0.6964
100,16,16,O,0.0
100,16,16,Y,0.2868
100,16,16,B,0.7132
100,16,17,O,0.0
100,16,17,Y,0.2873
100,16,17,B,0.7127
100,16,18,O,0.0
100,16,18,Y,0.2822
100,16,18,B,0.7178
100,16,19,O,0.0
100,16,19,Y,0.3024
100,16,19,B,0.6976
100,16,20,O,0.0
100,16,20,Y,0.2789
100,16,20,B,0.7211
100,16,21,O,0.0
100,16,21,Y,0.2713
100,16,21,B,0.7287
100,16,22,O,0.0
100,16,22,Y,0.2592
100,16,22,B,0.7408
100,16,23,O,0.0
100,16,23,Y,0.3079
100,16,23,B,0.6921
100,17,0,O,0.1107
100,17,0,Y,0.8893
100,17,0,B,0.0
100,17,1,O,0.1718
100,17,1,Y,0.707
100,17,1,B,0.1212
100,17,2,O,0.2631
100,17,2,Y,0.5413
100,17,2,B,0.1956
100,17,3,O,0.1345
100,17,3,Y,0.4996
100,17,3,B,0.3659
100,17,4,O,0.125
100,17,4,Y,0.4825
100,17,4,B,0.3925
100,17,5,O,0.2147
100,17,5,Y,0.4904
100,17,5,B,0.2949
100,17,6,O,0.207
100,17,6,Y,0.4763
100,17,6,B,0.3167
100,17,7,O,0.3766
100,17,7,Y,0.3643
100,17,7,B,0.2591
100,17,8,O,0.1566
100,17,8,Y,0.2774
100,17,8,B,0.566
100,17,9,O,0.0511
100,17,9,Y,0.1418
100,17,9,B,0.8071
100,17,10,O,0.0003
100,17,10,Y,0.0065
100,17,10,B,0.9932
100,17,11,O,0.0
100,17,11,Y,0.047
100,17,11,B,0.953
100,17,12,O,0.0
100,17,12,Y,0.1632
100,17,12,B,0.8368
100,17,13,O,0.0
100,17,13,Y,0.2001
100,17,13,B,0.7999
100,17,14,O,0.0
100,17,14,Y,0.2463
100,17,14,B,0.7537
100,17,15,O,0.0
100,17,15,Y,0.3052
100,17,15,B,0.6948
100,17,16,O,0.0
100,17,16,Y,0.3044
100,17,16,B,0.6956
100,17,17,O,0.0
100,17,17,Y,0.2849
100,17,17,B,0.7151
100,17,18,O,0.0
100,17,18,Y,0.2661
100,17,18,B,0.7339
100,17,19,O,0.0
100,17,19,Y,0.3019
100,17,19,B,0.6981
100,17,20,O,0.0
100,17,20,Y,0.3081
100,17,20,B,0.6919
100,17,21,O,0.0
100,17,21,Y,0.2492
100,17,21,B,0.7508
100,17,22,O,0.0
100,17,22,Y,0.2294
100,17,22,B,0.7706
100,17,23,O,0.0
100,17,23,Y,0.2542
100,17,23,B,0.7458
100,18,0,O,0.1129
100,18,0,Y,0.8871
100,18,0,B,0.0
100,18,1,O,0.178
100,18,1,Y,0.6409
100,18,1,B,0.1811
100,18,2,O,0.2955
100,18,2,Y,0.5158
100,18,2,B,0.1887
100,18,3,O,0.1011
100,18,3,Y,0.5375
100,18,3,B,0.3614
100,18,4,O,0.1013
100,18,4,Y,0.5373
100,18,4,B,0.3614
100,18,5,O,0.1947
100,18,5,Y,0.4871
100,18,5,B,0.3182
100,18,6,O,0.1895
100,18,6,Y,0.4835
100,18,6,B,0.327
100,18,7,O,0.3796
100,18,7,Y,0.3663
100,18,7,B,0.2541
100,18,8,O,0.1064
100,18,8,Y,0.3058
100,18,8,B,0.5878
100,18,9,O,0.0416
100,18,9,Y,0.123
100,18,9,B,0.8354
100,18,10,O,0.0018
100,18,10,Y,0.0145
100,18,10,B,0.9837
100,18,11,O,0.0
100,18,11,Y,0.0465
100,18,11,B,0.9535
100,18,12,O,0.0
100,18,12,Y,0.1512
100,18,12,B,0.8488
100,18,13,O,0.0
100,18,13,Y,0.2158
100,18,13,B,0.7842
100,18,14,O,0.0
100,18,14,Y,0.2412
100,18,14,B,0.7588
100,18,15,O,0.0
100,18,15,Y,0.2966
100,18,15,B,0.7034
100,18,16,O,0.0
100,18,16,Y,0.3115
100,18,16,B,0.6885
100,18,17,O,0.0
100,18,17,Y,0.289
100,18,17,B,0.711
100,18,18,O,0.0
100,18,18,Y,0.2887
100,18,18,B,0.7113
100,18,19,O,0.0
100,18,19,Y,0.2817
100,18,19,B,0.7183
100,18,20,O,0.0
100,18,20,Y,0.2735
100,18,20,B,0.7265
100,18,21,O,0.0
100,18,21,Y,0.2606
100,18,21,B,0.7394
100,18,22,O,0.0
100,18,22,Y,0.2636
100,18,22,B,0.7364
100,18,23,O,0.0
100,18,23,Y,0.2313
100,18,23,B,0.7687
100,19,0,O,0.103
100,19,0,Y,0.897
100,19,0,B,0.0
100,19,1,O,0.1976
100,19,1,Y,0.6803
100,19,1,B,0.1221
100,19,2,O,0.2551
100,19,2,Y,0.5626
100,19,2,B,0.1823
100,19,3,O,0.1373
100,19,3,Y,0.5223
100,19,3,B,0.3404
100,19,4,O,0.1649
100,19,4,Y,0.5613
100,19,4,B,0.2738
100,19,5,O,0.1895
100,19,5,Y,0.4984
100,19,5,B,0.3121
100,19,6,O,0.1895
100,19,6,Y,0.4979
100,19,6,B,0.3126
100,19,7,O,0.3879
100,19,7,Y,0.3648
100,19,7,B,0.2473
100,19,8,O,0.1288
100,19,8,Y,0.3121
100,19,8,B,0.5591
100,19,9,O,0.0326
100,19,9,Y,0.0991
100,19,9,B,0.8683
100,19,10,O,0.0083
100,19,10,Y,0.0243
100,19,10,B,0.9674
100,19,11,O,0.0
100,19,11,Y,0.0411
100,19,11,B,0.9589
100,19,12,O,0.0
100,19,12,Y,0.1605
100,19,12,B,0.8395
100,19,13,O,0.0
100,19,13,Y,0.2086
100,19,13,B,0.7914
100,19,14,O,0.0
100,19,14,Y,0.2384
100,19,14,B,0.7616
100,19,15,O,0.0
100,19,15,Y,0.2963
100,19,15,B,0.7037
100,19,16,O,0.0
100,19,16,Y,0.2869
100,19,16,B,0.7131
100,19,17,O,0.0
100,19,17,Y,0.2838
100,19,17,B,0.7162
100,19,18,O,0.0
100,19,18,Y,0.2697
100,19,18,B,0.7303
100,19,19,O,0.0
100,19,19,Y,0.2692
100,19,19,B,0.7308
100,19,20,O,0.0
100,19,20,Y,0.2771
100,19,20,B,0.7229
100,19,21,O,0.0
100,19,21,Y,0.2855
100,19,21,B,0.7145
100,19,22,O,0.0
100,19,22,Y,0.2731
100,19,22,B,0.7269
100,19,23,O,0.0
100,19,23,Y,0.2389
100,19,23,B,0.7611
100,20,0,O,0.1091
100,20,0,Y,0.8909
100,20,0,B,0.0
100,20,1,O,0.1338
100,20,1,Y,0.7112
100,20,1,B,0.155
100,20,2,O,0.232
100,20,2,Y,0.5743
100,20,2,B,0.1937
100,20,3,O,0.1279
100,20,3,Y,0.4912
100,20,3,B,0.3809
100,20,4,O,0.0927
100,20,4,Y,0.5806
100,20,4,B,0.3267
100,20,5,O,0.2115
100,20,5,Y,0.4797
100,20,5,B,0.3088
100,20,6,O,0.2133
100,20,6,Y,0.4954
100,20,6,B,0.2913
100,20,7,O,0.3834
100,20,7,Y,0.3676
100,20,7,B,0.249
100,20,8,O,0.1604
100,20,8,Y,0.2638
100,20,8,B,0.5758
100,20,9,O,0.0627
100,20,9,Y,0.1853
100,20,9,B,0.752
100,20,10,O,0.0007
100,20,10,Y,0.0044
100,20,10,B,0.9949
100,20,11,O,0.0
100,20,11,Y,0.0438
100,20,11,B,0.9562
100,20,12,O,0.0
100,20,12,Y,0.1702
100,20,12,B,0.8298
100,20,13,O,0.0
100,20,13,Y,0.1959
100,20,13,B,0.8041
100,20,14,O,0.0
100,20,14,Y,0.2476
100,20,14,B,0.7524
100,20,15,O,0.0
100,20,15,Y,0.298
100,20,15,B,0.702
100,20,16,O,0.0
100,20,16,Y,0.2968
100,20,16,B,0.7032
100,20,17,O,0.0
100,20,17,Y,0.2731
100,20,17,B,0.7269
100,20,18,O,0.0
100,20,18,Y,0.2791
100,20,18,B,0.7209
100,20,19,O,0.0
100,20,19,Y,0.2873
100,20,19,B,0.7127
100,20,20,O,0.0
100,20,20,Y,0.299
100,20,20,B,0.701
100,20,21,O,0.0
100,20,21,Y,0.2942
100,20,21,B,0.7058
100,20,22,O,0.0
100,20,22,Y,0.2833
100,20,22,B,0.7167
100,20,23,O,0.0
100,20,23,Y,0.2833
100,20,23,B,0.7167
100,21,0,O,0.1086
100,21,0,Y,0.8914
100,21,0,B,0.0
100,21,1,O,0.1326
100,21,1,Y,0.6822
100,21,1,B,0.1852
100,21,2,O,0.3028
100,21,2,Y,0.5022
100,21,2,B,0.195
100,21,3,O,0.115
100,21,3,Y,0.6377
100,21,3,B,0.2473
100,21,4,O,0.1255
100,21,4,Y,0.5615
100,21,4,B,0.313
100,21,5,O,0.1953
100,21,5,Y,0.4901
100,21,5,B,0.3146
100,21,6,O,0.2067
100,21,6,Y,0.4712
100,21,6,B,0.3221
100,21,7,O,0.3682
100,21,7,Y,0.3778
100,21,7,B,0.254
100,21,8,O,0.1301
100,21,8,Y,0.2452
100,21,8,B,0.6247
100,21,9,O,0.0755
100,21,9,Y,0.1544
100,21,9,B,0.7701
100,21,10,O,0.0076
100,21,10,Y,0.0349
100,21,10,B,0.9575
100,21,11,O,0.0
100,21,11,Y,0.0431
100,21,11,B,0.9569
100,21,12,O,0.0
100,21,12,Y,0.1671
100,21,12,B,0.8329
100,21,13,O,0.0
100,21,13,Y,0.2028
100,21,13,B,0.7972
100,21,14,O,0.0
100,21,14,Y,0.2551
100,21,14,B,0.7449
100,21,15,O,0.0
100,21,15,Y,0.2977
100,21,15,B,0.7023
100,21,16,O,0.0
100,21,16,Y,0.2974
100,21,16,B,0.7026
100,21,17,O,0.0
100,21,17,Y,0.2901
100,21,17,B,0.7099
100,21,18,O,0.0
100,21,18,Y,0.269
100,21,18,B,0.731
100,21,19,O,0.0
100,21,19,Y,0.2688
100,21,19,B,0.7312
100,21,20,O,0.0
100,21,20,Y,0.2821
100,21,20,B,0.7179
100,21,21,O,0.0
100,21,21,Y,0.2713
100,21,21,B,0.7287
100,21,22,O,0.0
100,21,22,Y,0.2381
100,21,22,B,0.7619
100,21,23,O,0.0
100,21,23,Y,0.2618
100,21,23,B,0.7382
100,22,0,O,0.1076
100,22,0,Y,0.8924
100,22,0,B,0.0
100,22,1,O,0.1435
100,22,1,Y,0.7363
100,22,1,B,0.1202
100,22,2,O,0.2734
100,22,2,Y,0.5102
100,22,2,B,0.2164
100,22,3,O,0.1678
100,22,3,Y,0.5743
100,22,3,B,0.2579
100,22,4,O,0.1466
100,22,4,Y,0.5972
100,22,4,B,0.2562
100,22,5,O,0.2106
100,22,5,Y,0.473
100,22,5,B,0.3164
100,22,6,O,0.2035
100,22,6,Y,0.4744
100,22,6,B,0.3221
100,22,7,O,0.3739
100,22,7,Y,0.3825
100,22,7,B,0.2436
100,22,8,O,0.1164
100,22,8,Y,0.2465
100,22,8,B,0.6371
100,22,9,O,0.0471
100,22,9,Y,0.1431
100,22,9,B,0.8098
100,22,10,O,0.0127
100,22,10,Y,0.0454
100,22,10,B,0.9419
100,22,11,O,0.0
100,22,11,Y,0.0445
100,22,11,B,0.9555
100,22,12,O,0.0
100,22,12,Y,0.1621
100,22,12,B,0.8379
100,22,13,O,0.0
100,22,13,Y,0.2076
100,22,13,B,0.7924
100,22,14,O,0.0
100,22,14,Y,0.2326
100,22,14,B,0.7674
100,22,15,O,0.0
100,22,15,Y,0.3121
100,22,15,B,0.6879
100,22,16,O,0.0
100,22,16,Y,0.2905
100,22,16,B,0.7095
100,22,17,O,0.0
100,22,17,Y,0.2722
100,22,17,B,0.7278
100,22,18,O,0.0
100,22,18,Y,0.2989
100,22,18,B,0.7011
100,22,19,O,0.0
100,22,19,Y,0.2864
100,22,19,B,0.7136
100,22,20,O,0.0
100,22,20,Y,0.2431
100,22,20,B,0.7569
100,22,21,O,0.0
100,22,21,Y,0.2322
100,22,21,B,0.7678
100,22,22,O,0.0
100,22,22,Y,0.2713
100,22,22,B,0.7287
100,22,23,O,0.0
100,22,23,Y,0.2565
100,22,23,B,0.7435
100,23,0,O,0.1112
100,23,0,Y,0.8888
100,23,0,B,0.0
100,23,1,O,0.1575
100,23,1,Y,0.7438
100,23,1,B,0.0987
100,23,2,O,0.2923
100,23,2,Y,0.5158
100,23,2,B,0.1919
100,23,3,O,0.1122
100,23,3,Y,0.5499
100,23,3,B,0.3379
100,23,4,O,0.1349
100,23,4,Y,0.5388
100,23,4,B,0.3263
100,23,5,O,0.2055
100,23,5,Y,0.483
100,23,5,B,0.3115
100,23,6,O,0.2108
100,23,6,Y,0.488
100,23,6,B,0.3012
100,23,7,O,0.3834
100,23,7,Y,0.3804
100,23,7,B,0.2362
100,23,8,O,0.1242
100,23,8,Y,0.3017
100,23,8,B,0.5741
100,23,9,O,0.0519
100,23,9,Y,0.1078
100,23,9,B,0.8403
100,23,10,O,0.01
100,23,10,Y,0.0271
100,23,10,B,0.9629
100,23,11,O,0.0
100,23,11,Y,0.0479
100,23,11,B,0.9521
100,23,12,O,0.0
100,23,12,Y,0.1652
100,23,12,B,0.8348
100,23,13,O,0.0
100,23,13,Y,0.2115
100,23,13,B,0.7885
100,23,14,O,0.0
100,23,14,Y,0.2518
100,23,14,B,0.7482
100,23,15,O,0.0
100,23,15,Y,0.2979
100,23,15,B,0.7021
100,23,16,O,0.0
100,23,16,Y,0.2921
100,23,16,B,0.7079
100,23,17,O,0.0
100,23,17,Y,0.2803
100,23,17,B,0.7197
100,23,18,O,0.0
100,23,18,Y,0.2915
100,23,18,B,0.7085
100,23,19,O,0.0
100,23,19,Y,0.2993
100,23,19,B,0.7007
100,23,20,O,0.0
100,23,20,Y,0.2836
100,23,20,B,0.7164
100,23,21,O,0.0
100,23,21,Y,0.2575
100,23,21,B,0.7425
100,23,22,O,0.0
100,23,22,Y,0.2571
100,23,22,B,0.7429
100,23,23,O,0.0
100,23,23,Y,0.2415
100,23,23,B,0.7585
100,24,0,O,0.1111
100,24,0,Y,0.8889
100,24,0,B,0.0
100,24,1,O,0.1379
100,24,1,Y,0.7823
100,24,1,B,0.0798
100,24,2,O,0.3142
100,24,2,Y,0.522
100,24,2,B,0.1638
100,24,3,O,0.1945
100,24,3,Y,0.5518
100,24,3,B,0.2537
100,24,4,O,0.1423
100,24,4,Y,0.5032
100,24,4,B,0.3545
100,24,5,O,0.1869
100,24,5,Y,0.4919
100,24,5,B,0.3212
100,24,6,O,0.1866
100,24,6,Y,0.499
100,24,6,B,0.3144
100,24,7,O,0.3727
100,24,7,Y,0.3581
100,24,7,B,0.2692
100,24,8,O,0.1458
100,24,8,Y,0.274
100,24,8,B,0.5802
100,24,9,O,0.062
100,24,9,Y,0.1481
100,24,9,B,0.7899
100,24,10,O,0.0
100,24,10,Y,0.0
100,24,10,B,1.0
100,24,11,O,0.0
100,24,11,Y,0.0365
100,24,11,B,0.9635
100,24,12,O,0.0
100,24,12,Y,0.1558
100,24,12,B,0.8442
100,24,13,O,0.0
100,24,13,Y,0.2023
100,24,13,B,0.7977
100,24,14,O,0.0
100,24,14,Y,0.2484
100,24,14,B,0.7516
100,24,15,O,0.0
100,24,15,Y,0.2831
100,24,15,B,0.7169
100,24,16,O,0.0
100,24,16,Y,0.2821
100,24,16,B,0.7179
100,24,17,O,0.0
100,24,17,Y,0.2876
100,24,17,B,0.7124
100,24,18,O,0.0
100,24,18,Y,0.2861
100,24,18,B,0.7139
100,24,19,O,0.0
100,24,19,Y,0.3022
100,24,19,B,0.6978
100,24,20,O,0.0
100,24,20,Y,0.2605
100,24,20,B,0.7395
100,24,21,O,0.0
100,24,21,Y,0.306
100,24,21,B,0.694
100,24,22,O,0.0
100,24,22,Y,0.2482
100,24,22,B,0.7518
100,24,23,O,0.0
100,24,23,Y,0.2427
100,24,23,B,0.7573
100,25,0,O,0.1117
100,25,0,Y,0.8883
100,25,0,B,0.0
100,25,1,O,0.1633
100,25,1,Y,0.7006
100,25,1,B,0.1361
100,25,2,O,0.2739
100,25,2,Y,0.5322
100,25,2,B,0.1939
100,25,3,O,0.1199
100,25,3,Y,0.6514
100,25,3,B,0.2287
100,25,4,O,0.1003
100,25,4,Y,0.6815
100,25,4,B,0.2182
100,25,5,O,0.2107
100,25,5,Y,0.4892
100,25,5,B,0.3001
100,25,6,O,0.2172
100,25,6,Y,0.4875
100,25,6,B,0.2953
100,25,7,O,0.4028
100,25,7,Y,0.3562
100,25,7,B,0.241
100,25,8,O,0.1574
100,25,8,Y,0.3738
100,25,8,B,0.4688
100,25,9,O,0.0357
100,25,9,Y,0.0938
100,25,9,B,0.8705
100,25,10,O,0.0002
100,25,10,Y,0.0058
100,25,10,B,0.994
100,25,11,O,0.0
100,25,11,Y,0.047
100,25,11,B,0.953
100,25,12,O,0.0
100,25,12,Y,0.175
100,25,12,B,0.825
100,25,13,O,0.0
100,25,13,Y,0.2095
100,25,13,B,0.7905
100,25,14,O,0.0
100,25,14,Y,0.2388
100,25,14,B,0.7612
100,25,15,O,0.0
100,25,15,Y,0.2888
100,25,15,B,0.7112
100,25,16,O,0.0
100,25,16,Y,0.2925
100,25,16,B,0.7075
100,25,17,O,0.0
100,25,17,Y,0.2978
100,25,17,B,0.7022
100,25,18,O,0.0
100,25,18,Y,0.3063
100,25,18,B,0.6937
100,25,19,O,0.0
100,25,19,Y,0.2802
100,25,19,B,0.7198
100,25,20,O,0.0
100,25,20,Y,0.2633
100,25,20,B,0.7367
100,25,21,O,0.0
100,25,21,Y,0.2647
100,25,21,B,0.7353
100,25,22,O,0.0
100,25,22,Y,0.2668
100,25,22,B,0.7332
100,25,23,O,0.0
100,25,23,Y,0.2687
100,25,23,B,0.7313
100,26,0,O,0.1088
100,26,0,Y,0.8912
100,26,0,B,0.0
100,26,1,O,0.1354
100,26,1,Y,0.7575
100,26,1,B,0.1071
100,26,2,O,0.2769
100,26,2,Y,0.5032
100,26,2,B,0.2199
100,26,3,O,0.1194
100,26,3,Y,0.5617
100,26,3,B,0.3189
100,26,4,O,0.1315
100,26,4,Y,0.5676
100,26,4,B,0.3009
100,26,5,O,0.201
100,26,5,Y,0.4917
100,26,5,B,0.3073
100,26,6,O,0.1891
100,26,6,Y,0.4957
100,26,6,B,0.3152
100,26,7,O,0.3717
100,26,7,Y,0.3659
100,26,7,B,0.2624
100,26,8,O,0.1378
100,26,8,Y,0.2834
100,26,8,B,0.5788
100,26,9,O,0.0858
100,26,9,Y,0.1314
100,26,9,B,0.7828
100,26,10,O,0.0
100,26,10,Y,0.0098
100,26,10,B,0.9902
100,26,11,O,0.0
100,26,11,Y,0.0378
100,26,11,B,0.9622
100,26,12,O,0.0
100,26,12,Y,0.163
100,26,12,B,0.837
100,26,13,O,0.0
100,26,13,Y,0.202
100,26,13,B,0.798
100,26,14,O,0.0
100,26,14,Y,0.2461
100,26,14,B,0.7539
100,26,15,O,0.0
100,26,15,Y,0.2942
100,26,15,B,0.7058
100,26,16,O,0.0
100,26,16,Y,0.3002
100,26,16,B,0.6998
100,26,17,O,0.0
100,26,17,Y,0.2792
100,26,17,B,0.7208
100,26,18,O,0.0
100,26,18,Y,0.2915
100,26,18,B,0.7085
100,26,19,O,0.0
100,26,19,Y,0.3101
100,26,19,B,0.6899
100,26,20,O,0.0
100,26,20,Y,0.2727
100,26,20,B,0.7273
100,26,21,O,0.0
100,26,21,Y,0.2849
100,26,21,B,0.7151
100,26,22,O,0.0
100,26,22,Y,0.2617
100,26,22,B,0.7383
100,26,23,O,0.0
100,26,23,Y,0.2585
100,26,23,B,0.7415
100,27,0,O,0.1082
100,27,0,Y,0.8918
100,27,0,B,0.0
100,27,1,O,0.1816
100,27,1,Y,0.6812
100,27,1,B,0.1372
100,27,2,O,0.3211
100,27,2,Y,0.4973
100,27,2,B,0.1816
100,27,3,O,0.1421
100,27,3,Y,0.5363
100,27,3,B,0.3216
100,27,4,O,0.1356
100,27,4,Y,0.5481
100,27,4,B,0.3163
100,27,5,O,0.2098
100,27,5,Y,0.4881
100,27,5,B,0.3021
100,27,6,O,0.2003
100,27,6,Y,0.4863
100,27,6,B,0.3134
100,27,7,O,0.3633
100,27,7,Y,0.3856
100,27,7,B,0.2511
100,27,8,O,0.1103
100,27,8,Y,0.2706
100,27,8,B,0.6191
100,27,9,O,0.0539
100,27,9,Y,0.1233
100,27,9,B,0.8228
100,27,10,O,0.0106
100,27,10,Y,0.0465
100,27,10,B,0.9429
100,27,11,O,0.0
100,27,11,Y,0.0397
100,27,11,B,0.9603
100,27,12,O,0.0
100,27,12,Y,0.1566
100,27,12,B,0.8434
100,27,13,O,0.0
100,27,13,Y,0.2091
100,27,13,B,0.7909
100,27,14,O,0.0
100,27,14,Y,0.2639
100,27,14,B,0.7361
100,27,15,O,0.0
100,27,15,Y,0.2818
100,27,15,B,0.7182
100,27,16,O,0.0
100,27,16,Y,0.2806
100,27,16,B,0.7194
100,27,17,O,0.0
100,27,17,Y,0.2702
100,27,17,B,0.7298
100,27,18,O,0.0
100,27,18,Y,0.2904
100,27,18,B,0.7096
100,27,19,O,0.0
100,27,19,Y,0.2915
100,27,19,B,0.7085
100,27,20,O,0.0
100,27,20,Y,0.2655
100,27,20,B,0.7345
100,27,21,O,0.0
100,27,21,Y,0.292
100,27,21,B,0.708
100,27,22,O,0.0
100,27,22,Y,0.2658
100,27,22,B,0.7342
100,27,23,O,0.0
100,27,23,Y,0.2605
100,27,23,B,0.7395
100,28,0,O,0.1076
100,28,0,Y,0.8924
100,28,0,B,0.0
100,28,1,O,0.1302
100,28,1,Y,0.7775
100,28,1,B,0.0923
100,28,2,O,0.2891
100,28,2,Y,0.5332
100,28,2,B,0.1777
100,28,3,O,0.1108
100,28,3,Y,0.6323
100,28,3,B,0.2569
100,28,4,O,0.1266
100,28,4,Y,0.5753
100,28,4,B,0.2981
100,28,5,O,0.2015
100,28,5,Y,0.4908
100,28,5,B,0.3077
100,28,6,O,0.2019
100,28,6,Y,0.4945
100,28,6,B,0.3036
100,28,7,O,0.3677
100,28,7,Y,0.3806
100,28,7,B,0.2517
100,28,8,O,0.1491
100,28,8,Y,0.2731
100,28,8,B,0.5778
100,28,9,O,0.0448
100,28,9,Y,0.1438
100,28,9,B,0.8114
100,28,10,O,0.0
100,28,10,Y,0.0
100,28,10,B,1.0
100,28,11,O,0.0
100,28,11,Y,0.0487
100,28,11,B,0.9513
100,28,12,O,0.0
100,28,12,Y,0.1657
100,28,12,B,0.8343
100,28,13,O,0.0
100,28,13,Y,0.2251
100,28,13,B,0.7749
100,28,14,O,0.0
100,28,14,Y,0.2444
100,28,14,B,0.7556
100,28,15,O,0.0
100,28,15,Y,0.2926
100,28,15,B,0.7074
100,28,16,O,0.0
100,28,16,Y,0.2959
100,28,16,B,0.7041
100,28,17,O,0.0
100,28,17,Y,0.307
100,28,17,B,0.693
100,28,18,O,0.0
100,28,18,Y,0.2778
100,28,18,B,0.7222
100,28,19,O,0.0
100,28,19,Y,0.2904
100,28,19,B,0.7096
100,28,20,O,0.0
100,28,20,Y,0.3023
100,28,20,B,0.6977
100,28,21,O,0.0
100,28,21,Y,0.2441
100,28,21,B,0.7559
100,28,22,O,0.0
100,28,22,Y,0.2855
100,28,22,B,0.7145
100,28,23,O,0.0
100,28,23,Y,0.2897
100,28,23,B,0.7103
100,29,0,O,0.1213
100,29,0,Y,0.8787
100,29,0,B,0.0
100,29,1,O,0.1814
100,29,1,Y,0.6715
100,29,1,B,0.1471
100,29,2,O,0.2791
100,29,2,Y,0.5282
100,29,2,B,0.1927
100,29,3,O,0.1477
100,29,3,Y,0.5326
100,29,3,B,0.3197
100,29,4,O,0.1499
100,29,4,Y,0.5932
100,29,4,B,0.2569
100,29,5,O,0.2036
100,29,5,Y,0.4789
100,29,5,B,0.3175
100,29,6,O,0.2036
100,29,6,Y,0.4789
100,29,6,B,0.3175
100,29,7,O,0.3669
100,29,7,Y,0.387
100,29,7,B,0.2461
100,29,8,O,0.1372
100,29,8,Y,0.3306
100,29,8,B,0.5322
100,29,9,O,0.052
100,29,9,Y,0.1362
100,29,9,B,0.8118
100,29,10,O,0.0
100,29,10,Y,0.0
100,29,10,B,1.0
100,29,11,O,0.0
100,29,11,Y,0.0433
100,29,11,B,0.9567
100,29,12,O,0.0
100,29,12,Y,0.1691
100,29,12,B,0.8309
100,29,13,O,0.0
100,29,13,Y,0.2104
100,29,13,B,0.7896
100,29,14,O,0.0
100,29,14,Y,0.2466
100,29,14,B,0.7534
100,29,15,O,0.0
100,29,15,Y,0.2776
100,29,15,B,0.7224
100,29,16,O,0.0
100,29,16,Y,0.3098
100,29,16,B,0.6902
100,29,17,O,0.0
100,29,17,Y,0.2632
100,29,17,B,0.7368
100,29,18,O,0.0
100,29,18,Y,0.2678
100,29,18,B,0.7322
100,29,19,O,0.0
100,29,19,Y,0.2755
100,29,19,B,0.7245
100,29,20,O,0.0
100,29,20,Y,0.2857
100,29,20,B,0.7143
100,29,21,O,0.0
100,29,21,Y,0.2884
100,29,21,B,0.7116
100,29,22,O,0.0
100,29,22,Y,0.2994
100,29,22,B,0.7006
100,29,23,O,0.0
100,29,23,Y,0.2702
100,29,23,B,0.7298
100,30,0,O,0.1117
100,30,0,Y,0.8883
100,30,0,B,0.0
100,30,1,O,0.1268
100,30,1,Y,0.741
100,30,1,B,0.1322
100,30,2,O,0.2816
100,30,2,Y,0.5146
100,30,2,B,0.2038
100,30,3,O,0.1422
100,30,3,Y,0.5519
100,30,3,B,0.3059
100,30,4,O,0.1335
100,30,4,Y,0.5698
100,30,4,B,0.2967
100,30,5,O,0.2002
100,30,5,Y,0.4977
100,30,5,B,0.3021
100,30,6,O,0.1996
100,30,6,Y,0.4922
100,30,6,B,0.3082
100,30,7,O,0.3763
100,30,7,Y,0.3778
100,30,7,B,0.2459
100,30,8,O,0.1241
100,30,8,Y,0.2799
100,30,8,B,0.596
100,30,9,O,0.0853
100,30,9,Y,0.1908
100,30,9,B,0.7239
100,30,10,O,0.001
100,30,10,Y,0.0116
100,30,10,B,0.9874
100,30,11,O,0.0
100,30,11,Y,0.0377
100,30,11,B,0.9623
100,30,12,O,0.0
100,30,12,Y,0.1777
100,30,12,B,0.8223
100,30,13,O,0.0
100,30,13,Y,0.2061
100,30,13,B,0.7939
100,30,14,O,0.0
100,30,14,Y,0.2511
100,30,14,B,0.7489
100,30,15,O,0.0
100,30,15,Y,0.2993
100,30,15,B,0.7007
100,30,16,O,0.0
100,30,16,Y,0.2813
100,30,16,B,0.7187
100,30,17,O,0.0
100,30,17,Y,0.2861
100,30,17,B,0.7139
100,30,18,O,0.0
100,30,18,Y,0.256
100,30,18,B,0.744
100,30,19,O,0.0
100,30,19,Y,0.291
100,30,19,B,0.709
100,30,20,O,0.0
100,30,20,Y,0.2528
100,30,20,B,0.7472
100,30,21,O,0.0
100,30,21,Y,0.2726
100,30,21,B,0.7274
100,30,22,O,0.0
100,30,22,Y,0.2435
100,30,22,B,0.7565
100,30,23,O,0.0
100,30,23,Y,0.2896
100,30,23,B,0.7104
100,31,0,O,0.1079
100,31,0,Y,0.8921
100,31,0,B,0.0
100,31,1,O,0.1281
100,31,1,Y,0.741
100,31,1,B,0.1309
100,31,2,O,0.2876
100,31,2,Y,0.5242
100,31,2,B,0.1882
100,31,3,O,0.1016
100,31,3,Y,0.5804
100,31,3,B,0.318
100,31,4,O,0.0954
100,31,4,Y,0.5916
100,31,4,B,0.313
100,31,5,O,0.2068
100,31,5,Y,0.4849
100,31,5,B,0.3083
100,31,6,O,0.1976
100,31,6,Y,0.4907
100,31,6,B,0.3117
100,31,7,O,0.3938
100,31,7,Y,0.3554
100,31,7,B,0.2508
100,31,8,O,0.148
100,31,8,Y,0.2662
100,31,8,B,0.5858
100,31,9,O,0.0244
100,31,9,Y,0.0923
100,31,9,B,0.8833
100,31,10,O,0.0
100,31,10,Y,0.0
100,31,10,B,1.0
100,31,11,O,0.0
100,31,11,Y,0.0519
100,31,11,B,0.9481
100,31,12,O,0.0
100,31,12,Y,0.1711
100,31,12,B,0.8289
100,31,13,O,0.0
100,31,13,Y,0.2064
100,31,13,B,0.7936
100,31,14,O,0.0
100,31,14,Y,0.2438
100,31,14,B,0.7562
100,31,15,O,0.0
100,31,15,Y,0.3085
100,31,15,B,0.6915
100,31,16,O,0.0
100,31,16,Y,0.2787
100,31,16,B,0.7213
100,31,17,O,0.0
100,31,17,Y,0.2898
100,31,17,B,0.7102
100,31,18,O,0.0
100,31,18,Y,0.2904
100,31,18,B,0.7096
100,31,19,O,0.0
100,31,19,Y,0.3211
100,31,19,B,0.6789
100,31,20,O,0.0
100,31,20,Y,0.2628
100,31,20,B,0.7372
100,31,21,O,0.0
100,31,21,Y,0.2608
100,31,21,B,0.7392
100,31,22,O,0.0
100,31,22,Y,0.2616
100,31,22,B,0.7384
100,31,23,O,0.0
100,31,23,Y,0.2393
100,31,23,B,0.7607
100,32,0,O,0.1077
100,32,0,Y,0.8923
100,32,0,B,0.0
100,32,1,O,0.1494
100,32,1,Y,0.7253
100,32,1,B,0.1253
100,32,2,O,0.2997
100,32,2,Y,0.5202
100,32,2,B,0.1801
100,32,3,O,0.0764
100,32,3,Y,0.5027
100,32,3,B,0.4209
100,32,4,O,0.0777
100,32,4,Y,0.607
100,32,4,B,0.3153
100,32,5,O,0.1853
100,32,5,Y,0.4948
100,32,5,B,0.3199
100,32,6,O,0.1894
100,32,6,Y,0.4957
100,32,6,B,0.3149
100,32,7,O,0.367
100,32,7,Y,0.3899
100,32,7,B,0.2431
100,32,8,O,0.1338
100,32,8,Y,0.2614
100,32,8,B,0.6048
100,32,9,O,0.0301
100,32,9,Y,0.0878
100,32,9,B,0.8821
100,32,10,O,0.0
100,32,10,Y,0.0
100,32,10,B,1.0
100,32,11,O,0.0
100,32,11,Y,0.0425
100,32,11,B,0.9575
100,32,12,O,0.0
100,32,12,Y,0.1649
100,32,12,B,0.8351
100,32,13,O,0.0
100,32,13,Y,0.2175
100,32,13,B,0.7825
100,32,14,O,0.0
100,32,14,Y,0.2442
100,32,14,B,0.7558
100,32,15,O,0.0
100,32,15,Y,0.2963
100,32,15,B,0.7037
100,32,16,O,0.0
100,32,16,Y,0.3043
100,32,16,B,0.6957
100,32,17,O,0.0
100,32,17,Y,0.2768
100,32,17,B,0.7232
100,32,18,O,0.0
100,32,18,Y,0.271
100,32,18,B,0.729
100,32,19,O,0.0
100,32,19,Y,0.28
100,32,19,B,0.72
100,32,20,O,0.0
100,32,20,Y,0.2459
100,32,20,B,0.7541
100,32,21,O,0.0
100,32,21,Y,0.2572
100,32,21,B,0.7428
100,32,22,O,0.0
100,32,22,Y,0.2598
100,32,22,B,0.7402
100,32,23,O,0.0
100,32,23,Y,0.266
100,32,23,B,0.734
100,33,0,O,0.1044
100,33,0,Y,0.8956
100,33,0,B,0.0
100,33,1,O,0.1493
100,33,1,Y,0.7583
100,33,1,B,0.0924
100,33,2,O,0.2793
100,33,2,Y,0.5212
100,33,2,B,0.1995
100,33,3,O,0.1473
100,33,3,Y,0.5511
100,33,3,B,0.3016
100,33,4,O,0.1458
100,33,4,Y,0.5443
100,33,4,B,0.3099
100,33,5,O,0.1985
100,33,5,Y,0.4861
100,33,5,B,0.3154
100,33,6,O,0.1934
100,33,6,Y,0.4984
100,33,6,B,0.3082
100,33,7,O,0.3657
100,33,7,Y,0.3844
100,33,7,B,0.2499
100,33,8,O,0.1331
100,33,8,Y,0.2545
100,33,8,B,0.6124
100,33,9,O,0.0349
100,33,9,Y,0.1327
100,33,9,B,0.8324
100,33,10,O,0.003
100,33,10,Y,0.0073
100,33,10,B,0.9897
100,33,11,O,0.0
100,33,11,Y,0.0421
100,33,11,B,0.9579
100,33,12,O,0.0
100,33,12,Y,0.17
100,33,12,B,0.83
100,33,13,O,0.0
100,33,13,Y,0.2052
100,33,13,B,0.7948
100,33,14,O,0.0
100,33,14,Y,0.248
100,33,14,B,0.752
100,33,15,O,0.0
100,33,15,Y,0.2976
100,33,15,B,0.7024
100,33,16,O,0.0
100,33,16,Y,0.2898
100,33,16,B,0.7102
100,33,17,O,0.0
100,33,17,Y,0.2842
100,33,17,B,0.7158
100,33,18,O,0.0
100,33,18,Y,0.2788
100,33,18,B,0.7212
100,33,19,O,0.0
100,33,19,Y,0.2783
100,33,19,B,0.7217
100,33,20,O,0.0
100,33,20,Y,0.2728
100,33,20,B,0.7272
100,33,21,O,0.0
100,33,21,Y,0.2612
100,33,21,B,0.7388
100,33,22,O,0.0
100,33,22,Y,0.2666
100,33,22,B,0.7334
100,33,23,O,0.0
100,33,23,Y,0.2485
100,33,23,B,0.7515
100,34,0,O,0.1048
100,34,0,Y,0.8952
100,34,0,B,0.0
100,34,1,O,0.1798
100,34,1,Y,0.6711
100,34,1,B,0.1491
100,34,2,O,0.2582
100,34,2,Y,0.5332
100,34,2,B,0.2086
100,34,3,O,0.1232
100,34,3,Y,0.3989
100,34,3,B,0.4779
100,34,4,O,0.1186
100,34,4,Y,0.4061
100,34,4,B,0.4753
100,34,5,O,0.2054
100,34,5,Y,0.495
100,34,5,B,0.2996
100,34,6,O,0.2132
100,34,6,Y,0.4806
100,34,6,B,0.3062
100,34,7,O,0.3749
100,34,7,Y,0.3825
100,34,7,B,0.2426
100,34,8,O,0.1469
100,34,8,Y,0.2699
100,34,8,B,0.5832
100,34,9,O,0.0533
100,34,9,Y,0.1443
100,34,9,B,0.8024
100,34,10,O,0.0023
100,34,10,Y,0.0068
100,34,10,B,0.9909
100,34,11,O,0.0
100,34,11,Y,0.0408
100,34,11,B,0.9592
100,34,12,O,0.0
100,34,12,Y,0.1696
100,34,12,B,0.8304
100,34,13,O,0.0
100,34,13,Y,0.2187
100,34,13,B,0.7813
100,34,14,O,0.0
100,34,14,Y,0.251
100,34,14,B,0.749
100,34,15,O,0.0
100,34,15,Y,0.3072
100,34,15,B,0.6928
100,34,16,O,0.0
100,34,16,Y,0.2814
100,34,16,B,0.7186
100,34,17,O,0.0
100,34,17,Y,0.2817
100,34,17,B,0.7183
100,34,18,O,0.0
100,34,18,Y,0.2614
100,34,18,B,0.7386
100,34,19,O,0.0
100,34,19,Y,0.3081
100,34,19,B,0.6919
100,34,20,O,0.0
100,34,20,Y,0.2951
100,34,20,B,0.7049
100,34,21,O,0.0
100,34,21,Y,0.2409
100,34,21,B,0.7591
100,34,22,O,0.0
100,34,22,Y,0.246
100,34,22,B,0.754
100,34,23,O,0.0
100,34,23,Y,0.2694
100,34,23,B,0.7306
100,35,0,O,0.1157
100,35,0,Y,0.8843
100,35,0,B,0.0
100,35,1,O,0.16
100,35,1,Y,0.6664
100,35,1,B,0.1736
100,35,2,O,0.324
100,35,2,Y,0.4993
100,35,2,B,0.1767
100,35,3,O,0.1428
100,35,3,Y,0.4811
100,35,3,B,0.3761
100,35,4,O,0.1642
100,35,4,Y,0.5185
100,35,4,B,0.3173
100,35,5,O,0.1931
100,35,5,Y,0.4919
100,35,5,B,0.315
100,35,6,O,0.2022
100,35,6,Y,0.4913
100,35,6,B,0.3065
100,35,7,O,0.372
100,35,7,Y,0.3807
100,35,7,B,0.2473
100,35,8,O,0.1748
100,35,8,Y,0.2698
100,35,8,B,0.5554
100,35,9,O,0.0358
100,35,9,Y,0.0927
100,35,9,B,0.8715
100,35,10,O,0.0023
100,35,10,Y,0.0062
100,35,10,B,0.9915
100,35,11,O,0.0
100,35,11,Y,0.0473
100,35,11,B,0.9527
100,35,12,O,0.0
100,35,12,Y,0.1505
100,35,12,B,0.8495
100,35,13,O,0.0
100,35,13,Y,0.2238
100,35,13,B,0.7762
100,35,14,O,0.0
100,35,14,Y,0.2492
100,35,14,B,0.7508
100,35,15,O,0.0
100,35,15,Y,0.303
100,35,15,B,0.697
100,35,16,O,0.0
100,35,16,Y,0.2876
100,35,16,B,0.7124
100,35,17,O,0.0
100,35,17,Y,0.2643
100,35,17,B,0.7357
100,35,18,O,0.0
100,35,18,Y,0.2823
100,35,18,B,0.7177
100,35,19,O,0.0
100,35,19,Y,0.2927
100,35,19,B,0.7073
100,35,20,O,0.0
100,35,20,Y,0.2944
100,35,20,B,0.7056
100,35,21,O,0.0
100,35,21,Y,0.2607
100,35,21,B,0.7393
100,35,22,O,0.0
100,35,22,Y,0.3056
100,35,22,B,0.6944
100,35,23,O,0.0
100,35,23,Y,0.2587
100,35,23,B,0.7413
100,36,0,O,0.1062
100,36,0,Y,0.8938
100,36,0,B,0.0
100,36,1,O,0.1544
100,36,1,Y,0.7468
100,36,1,B,0.0988
100,36,2,O,0.3102
100,36,2,Y,0.492
100,36,2,B,0.1978
100,36,3,O,0.1458
100,36,3,Y,0.5083
100,36,3,B,0.3459
100,36,4,O,0.1801
100,36,4,Y,0.5058
100,36,4,B,0.3141
100,36,5,O,0.2113
100,36,5,Y,0.48
100,36,5,B,0.3087
100,36,6,O,0.2083
100,36,6,Y,0.4895
100,36,6,B,0.3022
100,36,7,O,0.3654
100,36,7,Y,0.3838
100,36,7,B,0.2508
100,36,8,O,0.1462
100,36,8,Y,0.2775
100,36,8,B,0.5763
100,36,9,O,0.0609
100,36,9,Y,0.1479
100,36,9,B,0.7912
100,36,10,O,0.0071
100,36,10,Y,0.0155
100,36,10,B,0.9774
100,36,11,O,0.0
100,36,11,Y,0.0429
100,36,11,B,0.9571
100,36,12,O,0.0
100,36,12,Y,0.1722
100,36,12,B,0.8278
100,36,13,O,0.0
100,36,13,Y,0.1932
100,36,13,B,0.8068
100,36,14,O,0.0
100,36,14,Y,0.2493
100,36,14,B,0.7507
100,36,15,O,0.0
100,36,15,Y,0.2987
100,36,15,B,0.7013
100,36,16,O,0.0
100,36,16,Y,0.2845
100,36,16,B,0.7155
100,36,17,O,0.0
100,36,17,Y,0.2953
100,36,17,B,0.7047
100,36,18,O,0.0
100,36,18,Y,0.2924
100,36,18,B,0.7076
100,36,19,O,0.0
100,36,19,Y,0.2812
100,36,19,B,0.7188
100,36,20,O,0.0
100,36,20,Y,0.2767
100,36,20,B,0.7233
100,36,21,O,0.0
100,36,21,Y,0.2822
100,36,21,B,0.7178
100,36,22,O,0.0
100,36,22,Y,0.2462
100,36,22,B,0.7538
100,36,23,O,0.0
100,36,23,Y,0.2392
100,36,23,B,0.7608
100,37,0,O,0.1074
100,37,0,Y,0.8926
100,37,0,B,0.0
100,37,1,O,0.1836
100,37,1,Y,0.6541
100,37,1,B,0.1623
100,37,2,O,0.2671
100,37,2,Y,0.5178
100,37,2,B,0.2151
100,37,3,O,0.1223
100,37,3,Y,0.5641
100,37,3,B,0.3136
100,37,4,O,0.1394
100,37,4,Y,0.544
100,37,4,B,0.3166
100,37,5,O,0.1958
100,37,5,Y,0.4934
100,37,5,B,0.3108
100,37,6,O,0.2041
100,37,6,Y,0.483
100,37,6,B,0.3129
100,37,7,O,0.3798
100,37,7,Y,0.3592
100,37,7,B,0.261
100,37,8,O,0.1184
100,37,8,Y,0.2578
100,37,8,B,0.6238
100,37,9,O,0.0438
100,37,9,Y,0.1351
100,37,9,B,0.8211
100,37,10,O,0.0018
100,37,10,Y,0.0106
100,37,10,B,0.9876
100,37,11,O,0.0
100,37,11,Y,0.0428
100,37,11,B,0.9572
100,37,12,O,0.0
100,37,12,Y,0.1869
100,37,12,B,0.8131
100,37,13,O,0.0
100,37,13,Y,0.2093
100,37,13,B,0.7907
100,37,14,O,0.0
100,37,14,Y,0.237
100,37,14,B,0.763
100,37,15,O,0.0
100,37,15,Y,0.2991
100,37,15,B,0.7009
100,37,16,O,0.0
100,37,16,Y,0.2954
100,37,16,B,0.7046
100,37,17,O,0.0
100,37,17,Y,0.289
100,37,17,B,0.711
100,37,18,O,0.0
100,37,18,Y,0.2873
100,37,18,B,0.7127
100,37,19,O,0.0
100,37,19,Y,0.2767
100,37,19,B,0.7233
100,37,20,O,0.0
100,37,20,Y,0.2702
100,37,20,B,0.7298
100,37,21,O,0.0
100,37,21,Y,0.2646
100,37,21,B,0.7354
100,37,22,O,0.0
100,37,22,Y,0.2494
100,37,22,B,0.7506
100,37,23,O,0.0
100,37,23,Y,0.2748
100,37,23,B,0.7252
100,38,0,O,0.1092
100,38,0,Y,0.8908
100,38,0,B,0.0
100,38,1,O,0.1812
100,38,1,Y,0.6903
100,38,1,B,0.1285
100,38,2,O,0.2685
100,38,2,Y,0.5236
100,38,2,B,0.2079
100,38,3,O,0.0988
100,38,3,Y,0.6381
100,38,3,B,0.2631
100,38,4,O,0.142
100,38,4,Y,0.5147
100,38,4,B,0.3433
100,38,5,O,0.2024
100,38,5,Y,0.4829
100,38,5,B,0.3147
100,38,6,O,0.2096
100,38,6,Y,0.4976
100,38,6,B,0.2928
100,38,7,O,0.3768
100,38,7,Y,0.3912
100,38,7,B,0.232
100,38,8,O,0.1295
100,38,8,Y,0.2651
100,38,8,B,0.6054
100,38,9,O,0.0727
100,38,9,Y,0.1659
100,38,9,B,0.7614
100,38,10,O,0.0
100,38,10,Y,0.0
100,38,10,B,1.0
100,38,11,O,0.0
100,38,11,Y,0.0408
100,38,11,B,0.9592
100,38,12,O,0.0
100,38,12,Y,0.1671
100,38,12,B,0.8329
100,38,13,O,0.0
100,38,13,Y,0.2145
100,38,13,B,0.7855
100,38,14,O,0.0
100,38,14,Y,0.244
100,38,14,B,0.756
100,38,15,O,0.0
100,38,15,Y,0.302
100,38,15,B,0.698
100,38,16,O,0.0
100,38,16,Y,0.31
100,38,16,B,0.69
100,38,17,O,0.0
100,38,17,Y,0.281
100,38,17,B,0.719
100,38,18,O,0.0
100,38,18,Y,0.2877
100,38,18,B,0.7123
100,38,19,O,0.0
100,38,19,Y,0.2988
100,38,19,B,0.7012
100,38,20,O,0.0
100,38,20,Y,0.2942
100,38,20,B,0.7058
100,38,21,O,0.0
100,38,21,Y,0.2658
100,38,21,B,0.7342
100,38,22,O,0.0
100,38,22,Y,0.2665
100,38,22,B,0.7335
100,38,23,O,0.0
100,38,23,Y,0.2543
100,38,23,B,0.7457
100,39,0,O,0.1089
100,39,0,Y,0.8911
100,39,0,B,0.0
100,39,1,O,0.169
100,39,1,Y,0.7197
100,39,1,B,0.1113
100,39,2,O,0.2617
100,39,2,Y,0.5371
100,39,2,B,0.2012
100,39,3,O,0.1547
100,39,3,Y,0.534
100,39,3,B,0.3113
100,39,4,O,0.134
100,39,4,Y,0.5628
100,39,4,B,0.3032
100,39,5,O,0.194
100,39,5,Y,0.4872
100,39,5,B,0.3188
100,39,6,O,0.1996
100,39,6,Y,0.4905
100,39,6,B,0.3099
100,39,7,O,0.392
100,39,7,Y,0.3695
100,39,7,B,0.2385
100,39,8,O,0.1138
100,39,8,Y,0.2369
100,39,8,B,0.6493
100,39,9,O,0.0575
100,39,9,Y,0.1435
100,39,9,B,0.799
100,39,10,O,0.0002
100,39,10,Y,0.004
100,39,10,B,0.9958
100,39,11,O,0.0
100,39,11,Y,0.0458
100,39,11,B,0.9542
100,39,12,O,0.0
100,39,12,Y,0.1697
100,39,12,B,0.8303
100,39,13,O,0.0
100,39,13,Y,0.2153
100,39,13,B,0.7847
100,39,14,O,0.0
100,39,14,Y,0.2445
100,39,14,B,0.7555
100,39,15,O,0.0
100,39,15,Y,0.3043
100,39,15,B,0.6957
100,39,16,O,0.0
100,39,16,Y,0.2758
100,39,16,B,0.7242
100,39,17,O,0.0
100,39,17,Y,0.2718
100,39,17,B,0.7282
100,39,18,O,0.0
100,39,18,Y,0.2755
100,39,18,B,0.7245
100,39,19,O,0.0
100,39,19,Y,0.3115
100,39,19,B,0.6885
100,39,20,O,0.0
100,39,20,Y,0.3015
100,39,20,B,0.6985
100,39,21,O,0.0
100,39,21,Y,0.2964
100,39,21,B,0.7036
100,39,22,O,0.0
100,39,22,Y,0.2765
100,39,22,B,0.7235
100,39,23,O,0.0
100,39,23,Y,0.2876
100,39,23,B,0.7124
100,40,0,O,0.1091
100,40,0,Y,0.8909
100,40,0,B,0.0
100,40,1,O,0.1632
100,40,1,Y,0.7243
100,40,1,B,0.1125
100,40,2,O,0.2675
100,40,2,Y,0.5488
100,40,2,B,0.1837
100,40,3,O,0.1542
100,40,3,Y,0.4582
100,40,3,B,0.3876
100,40,4,O,0.1359
100,40,4,Y,0.5116
100,40,4,B,0.3525
100,40,5,O,0.1997
100,40,5,Y,0.4963
100,40,5,B,0.304
100,40,6,O,0.1997
100,40,6,Y,0.4963
100,40,6,B,0.304
100,40,7,O,0.3725
100,40,7,Y,0.3796
100,40,7,B,0.2479
100,40,8,O,0.1389
100,40,8,Y,0.3128
100,40,8,B,0.5483
100,40,9,O,0.0647
100,40,9,Y,0.1572
100,40,9,B,0.7781
100,40,10,O,0.0007
100,40,10,Y,0.0114
100,40,10,B,0.9879
100,40,11,O,0.0
100,40,11,Y,0.0435
100,40,11,B,0.9565
100,40,12,O,0.0
100,40,12,Y,0.1772
100,40,12,B,0.8228
100,40,13,O,0.0
100,40,13,Y,0.217
100,40,13,B,0.783
100,40,14,O,0.0
100,40,14,Y,0.2549
100,40,14,B,0.7451
100,40,15,O,0.0
100,40,15,Y,0.3101
100,40,15,B,0.6899
100,40,16,O,0.0
100,40,16,Y,0.2942
100,40,16,B,0.7058
100,40,17,O,0.0
100,40,17,Y,0.2823
100,40,17,B,0.7177
100,40,18,O,0.0
100,40,18,Y,0.275
100,40,18,B,0.725
100,40,19,O,0.0
100,40,19,Y,0.254
100,40,19,B,0.746
100,40,20,O,0.0
100,40,20,Y,0.2604
100,40,20,B,0.7396
100,40,21,O,0.0
100,40,21,Y,0.2836
100,40,21,B,0.7164
100,40,22,O,0.0
100,40,22,Y,0.2236
100,40,22,B,0.7764
100,40,23,O,0.0
100,40,23,Y,0.2484
100,40,23,B,0.7516
100,41,0,O,0.1049
100,41,0,Y,0.8951
100,41,0,B,0.0
100,41,1,O,0.1695
100,41,1,Y,0.666
100,41,1,B,0.1645
100,41,2,O,0.3061
100,41,2,Y,0.5117
100,41,2,B,0.1822
100,41,3,O,0.1111
100,41,3,Y,0.6275
100,41,3,B,0.2614
100,41,4,O,0.1385
100,41,4,Y,0.5391
100,41,4,B,0.3224
100,41,5,O,0.2067
100,41,5,Y,0.487
100,41,5,B,0.3063
100,41,6,O,0.1961
100,41,6,Y,0.5042
100,41,6,B,0.2997
100,41,7,O,0.3603
100,41,7,Y,0.3851
100,41,7,B,0.2546
100,41,8,O,0.1504
100,41,8,Y,0.3145
100,41,8,B,0.5351
100,41,9,O,0.1041
100,41,9,Y,0.1497
100,41,9,B,0.7462
100,41,10,O,0.0195
100,41,10,Y,0.0396
100,41,10,B,0.9409
100,41,11,O,0.0
100,41,11,Y,0.04
100,41,11,B,0.96
100,41,12,O,0.0
100,41,12,Y,0.1728
100,41,12,B,0.8272
100,41,13,O,0.0
100,41,13,Y,0.2089
100,41,13,B,0.7911
100,41,14,O,0.0
100,41,14,Y,0.2476
100,41,14,B,0.7524
100,41,15,O,0.0
100,41,15,Y,0.3239
100,41,15,B,0.6761
100,41,16,O,0.0
100,41,16,Y,0.3039
100,41,16,B,0.6961
100,41,17,O,0.0
100,41,17,Y,0.2807
100,41,17,B,0.7193
100,41,18,O,0.0
100,41,18,Y,0.2707
100,41,18,B,0.7293
100,41,19,O,0.0
100,41,19,Y,0.2941
100,41,19,B,0.7059
100,41,20,O,0.0
100,41,20,Y,0.3132
100,41,20,B,0.6868
100,41,21,O,0.0
100,41,21,Y,0.229
100,41,21,B,0.771
100,41,22,O,0.0
100,41,22,Y,0.2431
100,41,22,B,0.7569
100,41,23,O,0.0
100,41,23,Y,0.2374
100,41,23,B,0.7626
100,42,0,O,0.115
100,42,0,Y,0.885
100,42,0,B,0.0
100,42,1,O,0.165
100,42,1,Y,0.6703
100,42,1,B,0.1647
100,42,2,O,0.2683
100,42,2,Y,0.5206
100,42,2,B,0.2111
100,42,3,O,0.103
100,42,3,Y,0.4979
100,42,3,B,0.3991
100,42,4,O,0.1458
100,42,4,Y,0.4537
100,42,4,B,0.4005
100,42,5,O,0.1944
100,42,5,Y,0.5068
100,42,5,B,0.2988
100,42,6,O,0.1945
100,42,6,Y,0.5037
100,42,6,B,0.3018
100,42,7,O,0.3677
100,42,7,Y,0.3884
100,42,7,B,0.2439
100,42,8,O,0.131
100,42,8,Y,0.2826
100,42,8,B,0.5864
100,42,9,O,0.0467
100,42,9,Y,0.1631
100,42,9,B,0.7902
100,42,10,O,0.0006
100,42,10,Y,0.0026
100,42,10,B,0.9968
100,42,11,O,0.0
100,42,11,Y,0.0425
100,42,11,B,0.9575
100,42,12,O,0.0
100,42,12,Y,0.1715
100,42,12,B,0.8285
100,42,13,O,0.0
100,42,13,Y,0.2112
100,42,13,B,0.7888
100,42,14,O,0.0
100,42,14,Y,0.2476
100,42,14,B,0.7524
100,42,15,O,0.0
100,42,15,Y,0.2989
100,42,15,B,0.7011
100,42,16,O,0.0
100,42,16,Y,0.2998
100,42,16,B,0.7002
100,42,17,O,0.0
100,42,17,Y,0.2826
100,42,17,B,0.7174
100,42,18,O,0.0
100,42,18,Y,0.2879
100,42,18,B,0.7121
100,42,19,O,0.0
100,42,19,Y,0.2717
100,42,19,B,0.7283
100,42,20,O,0.0
100,42,20,Y,0.3055
100,42,20,B,0.6945
100,42,21,O,0.0
100,42,21,Y,0.2689
100,42,21,B,0.7311
100,42,22,O,0.0
100,42,22,Y,0.2624
100,42,22,B,0.7376
100,42,23,O,0.0
100,42,23,Y,0.3051
100,42,23,B,0.6949
100,43,0,O,0.1043
100,43,0,Y,0.8957
100,43,0,B,0.0
100,43,1,O,0.1725
100,43,1,Y,0.7147
100,43,1,B,0.1128
100,43,2,O,0.2686
100,43,2,Y,0.5364
100,43,2,B,0.195
100,43,3,O,0.1292
100,43,3,Y,0.5765
100,43,3,B,0.2943
100,43,4,O,0.1107
100,43,4,Y,0.5696
100,43,4,B,0.3197
100,43,5,O,0.2241
100,43,5,Y,0.4698
100,43,5,B,0.3061
100,43,6,O,0.2161
100,43,6,Y,0.4774
100,43,6,B,0.3065
100,43,7,O,0.3773
100,43,7,Y,0.3577
100,43,7,B,0.265
100,43,8,O,0.1251
100,43,8,Y,0.264
100,43,8,B,0.6109
100,43,9,O,0.0638
100,43,9,Y,0.1479
100,43,9,B,0.7883
100,43,10,O,0.0006
100,43,10,Y,0.004
100,43,10,B,0.9954
100,43,11,O,0.0
100,43,11,Y,0.0387
100,43,11,B,0.9613
100,43,12,O,0.0
100,43,12,Y,0.1566
100,43,12,B,0.8434
100,43,13,O,0.0
100,43,13,Y,0.2013
100,43,13,B,0.7987
100,43,14,O,0.0
100,43,14,Y,0.2451
100,43,14,B,0.7549
100,43,15,O,0.0
100,43,15,Y,0.291
100,43,15,B,0.709
100,43,16,O,0.0
100,43,16,Y,0.2915
100,43,16,B,0.7085
100,43,17,O,0.0
100,43,17,Y,0.2784
100,43,17,B,0.7216
100,43,18,O,0.0
100,43,18,Y,0.2831
100,43,18,B,0.7169
100,43,19,O,0.0
100,43,19,Y,0.2908
100,43,19,B,0.7092
100,43,20,O,0.0
100,43,20,Y,0.2643
100,43,20,B,0.7357
100,43,21,O,0.0
100,43,21,Y,0.2636
100,43,21,B,0.7364
100,43,22,O,0.0
100,43,22,Y,0.2354
100,43,22,B,0.7646
100,43,23,O,0.0
100,43,23,Y,0.2711
100,43,23,B,0.7289
100,44,0,O,0.1132
100,44,0,Y,0.8868
100,44,0,B,0.0
100,44,1,O,0.1665
100,44,1,Y,0.7068
100,44,1,B,0.1267
100,44,2,O,0.2649
100,44,2,Y,0.5328
100,44,2,B,0.2023
100,44,3,O,0.1481
100,44,3,Y,0.5397
100,44,3,B,0.3122
100,44,4,O,0.1178
100,44,4,Y,0.562
100,44,4,B,0.3202
100,44,5,O,0.1981
100,44,5,Y,0.4851
100,44,5,B,0.3168
100,44,6,O,0.2049
100,44,6,Y,0.4753
100,44,6,B,0.3198
100,44,7,O,0.3653
100,44,7,Y,0.3651
100,44,7,B,0.2696
100,44,8,O,0.1342
100,44,8,Y,0.274
100,44,8,B,0.5918
100,44,9,O,0.0724
100,44,9,Y,0.1728
100,44,9,B,0.7548
100,44,10,O,0.0034
100,44,10,Y,0.0129
100,44,10,B,0.9837
100,44,11,O,0.0
100,44,11,Y,0.0397
100,44,11,B,0.9603
100,44,12,O,0.0
100,44,12,Y,0.1676
100,44,12,B,0.8324
100,44,13,O,0.0
100,44,13,Y,0.2086
100,44,13,B,0.7914
100,44,14,O,0.0
100,44,14,Y,0.2518
100,44,14,B,0.7482
100,44,15,O,0.0
100,44,15,Y,0.2914
100,44,15,B,0.7086
100,44,16,O,0.0
100,44,16,Y,0.2815
100,44,16,B,0.7185
100,44,17,O,0.0
100,44,17,Y,0.2865
100,44,17,B,0.7135
100,44,18,O,0.0
100,44,18,Y,0.2945
100,44,18,B,0.7055
100,44,19,O,0.0
100,44,19,Y,0.2918
100,44,19,B,0.7082
100,44,20,O,0.0
100,44,20,Y,0.2793
100,44,20,B,0.7207
100,44,21,O,0.0
100,44,21,Y,0.2856
100,44,21,B,0.7144
100,44,22,O,0.0
100,44,22,Y,0.2778
100,44,22,B,0.7222
100,44,23,O,0.0
100,44,23,Y,0.2516
100,44,23,B,0.7484
100,45,0,O,0.1054
100,45,0,Y,0.8946
100,45,0,B,0.0
100,45,1,O,0.1842
100,45,1,Y,0.6753
100,45,1,B,0.1405
100,45,2,O,0.2912
100,45,2,Y,0.5233
100,45,2,B,0.1855
100,45,3,O,0.1439
100,45,3,Y,0.5909
100,45,3,B,0.2652
100,45,4,O,0.1376
100,45,4,Y,0.5702
100,45,4,B,0.2922
100,45,5,O,0.1834
100,45,5,Y,0.5013
100,45,5,B,0.3153
100,45,6,O,0.2083
100,45,6,Y,0.4815
100,45,6,B,0.3102
100,45,7,O,0.3503
100,45,7,Y,0.3885
100,45,7,B,0.2612
100,45,8,O,0.1229
100,45,8,Y,0.2575
100,45,8,B,0.6196
100,45,9,O,0.0583
100,45,9,Y,0.1523
100,45,9,B,0.7894
100,45,10,O,0.0006
100,45,10,Y,0.0168
100,45,10,B,0.9826
100,45,11,O,0.0
100,45,11,Y,0.0465
100,45,11,B,0.9535
100,45,12,O,0.0
100,45,12,Y,0.1757
100,45,12,B,0.8243
100,45,13,O,0.0
100,45,13,Y,0.2095
100,45,13,B,0.7905
100,45,14,O,0.0
100,45,14,Y,0.2395
100,45,14,B,0.7605
100,45,15,O,0.0
100,45,15,Y,0.2933
100,45,15,B,0.7067
100,45,16,O,0.0
100,45,16,Y,0.2962
100,45,16,B,0.7038
100,45,17,O,0.0
100,45,17,Y,0.2903
100,45,17,B,0.7097
100,45,18,O,0.0
100,45,18,Y,0.2946
100,45,18,B,0.7054
100,45,19,O,0.0
100,45,19,Y,0.2766
100,45,19,B,0.7234
100,45,20,O,0.0
100,45,20,Y,0.2884
100,45,20,B,0.7116
100,45,21,O,0.0
100,45,21,Y,0.2623
100,45,21,B,0.7377
100,45,22,O,0.0
100,45,22,Y,0.2714
100,45,22,B,0.7286
100,45,23,O,0.0
100,45,23,Y,0.2615
100,45,23,B,0.7385
100,46,0,O,0.1124
100,46,0,Y,0.8876
100,46,0,B,0.0
100,46,1,O,0.1737
100,46,1,Y,0.7191
100,46,1,B,0.1072
100,46,2,O,0.3095
100,46,2,Y,0.5016
100,46,2,B,0.1889
100,46,3,O,0.1353
100,46,3,Y,0.4381
100,46,3,B,0.4266
100,46,4,O,0.1684
100,46,4,Y,0.5381
100,46,4,B,0.2935
100,46,5,O,0.2052
100,46,5,Y,0.4951
100,46,5,B,0.2997
100,46,6,O,0.1878
100,46,6,Y,0.4926
100,46,6,B,0.3196
100,46,7,O,0.3756
100,46,7,Y,0.3823
100,46,7,B,0.2421
100,46,8,O,0.1452
100,46,8,Y,0.3102
100,46,8,B,0.5446
100,46,9,O,0.0404
100,46,9,Y,0.1343
100,46,9,B,0.8253
100,46,10,O,0.0081
100,46,10,Y,0.0208
100,46,10,B,0.9711
100,46,11,O,0.0
100,46,11,Y,0.0443
100,46,11,B,0.9557
100,46,12,O,0.0
100,46,12,Y,0.1663
100,46,12,B,0.8337
100,46,13,O,0.0
100,46,13,Y,0.2077
100,46,13,B,0.7923
100,46,14,O,0.0
100,46,14,Y,0.2518
100,46,14,B,0.7482
100,46,15,O,0.0
100,46,15,Y,0.2974
100,46,15,B,0.7026
100,46,16,O,0.0
100,46,16,Y,0.2823
100,46,16,B,0.7177
100,46,17,O,0.0
100,46,17,Y,0.2925
100,46,17,B,0.7075
100,46,18,O,0.0
100,46,18,Y,0.2741
100,46,18,B,0.7259
100,46,19,O,0.0
100,46,19,Y,0.3071
100,46,19,B,0.6929
100,46,20,O,0.0
100,46,20,Y,0.2467
100,46,20,B,0.7533
100,46,21,O,0.0
100,46,21,Y,0.2579
100,46,21,B,0.7421
100,46,22,O,0.0
100,46,22,Y,0.2829
100,46,22,B,0.7171
100,46,23,O,0.0
100,46,23,Y,0.3016
100,46,23,B,0.6984
100,47,0,O,0.1098
100,47,0,Y,0.8902
100,47,0,B,0.0
100,47,1,O,0.143
100,47,1,Y,0.6309
100,47,1,B,0.2261
100,47,2,O,0.2571
100,47,2,Y,0.5196
100,47,2,B,0.2233
100,47,3,O,0.1849
100,47,3,Y,0.5128
100,47,3,B,0.3023
100,47,4,O,0.1602
100,47,4,Y,0.5282
100,47,4,B,0.3116
100,47,5,O,0.1984
100,47,5,Y,0.4952
100,47,5,B,0.3064
100,47,6,O,0.1902
100,47,6,Y,0.4942
100,47,6,B,0.3156
100,47,7,O,0.3668
100,47,7,Y,0.3887
100,47,7,B,0.2445
100,47,8,O,0.1322
100,47,8,Y,0.2781
100,47,8,B,0.5897
100,47,9,O,0.1056
100,47,9,Y,0.2096
100,47,9,B,0.6848
100,47,10,O,0.0008
100,47,10,Y,0.0088
100,47,10,B,0.9904
100,47,11,O,0.0
100,47,11,Y,0.0369
100,47,11,B,0.9631
100,47,12,O,0.0
100,47,12,Y,0.161
100,47,12,B,0.839
100,47,13,O,0.0
100,47,13,Y,0.204
100,47,13,B,0.796
100,47,14,O,0.0
100,47,14,Y,0.24
100,47,14,B,0.76
100,47,15,O,0.0
100,47,15,Y,0.3066
100,47,15,B,0.6934
100,47,16,O,0.0
100,47,16,Y,0.2839
100,47,16,B,0.7161
100,47,17,O,0.0
100,47,17,Y,0.2778
100,47,17,B,0.7222
100,47,18,O,0.0
100,47,18,Y,0.2866
100,47,18,B,0.7134
100,47,19,O,0.0
100,47,19,Y,0.2797
100,47,19,B,0.7203
100,47,20,O,0.0
100,47,20,Y,0.2523
100,47,20,B,0.7477
100,47,21,O,0.0
100,47,21,Y,0.2493
100,47,21,B,0.7507
100,47,22,O,0.0
100,47,22,Y,0.2669
100,47,22,B,0.7331
100,47,23,O,0.0
100,47,23,Y,0.3086
100,47,23,B,0.6914
100,48,0,O,0.1107
100,48,0,Y,0.8893
100,48,0,B,0.0
100,48,1,O,0.1737
100,48,1,Y,0.6749
100,48,1,B,0.1514
100,48,2,O,0.2675
100,48,2,Y,0.532
100,48,2,B,0.2005
100,48,3,O,0.1611
100,48,3,Y,0.5039
100,48,3,B,0.335
100,48,4,O,0.144
100,48,4,Y,0.5607
100,48,4,B,0.2953
100,48,5,O,0.2077
100,48,5,Y,0.4825
100,48,5,B,0.3098
100,48,6,O,0.2018
100,48,6,Y,0.4801
100,48,6,B,0.3181
100,48,7,O,0.3694
100,48,7,Y,0.3695
100,48,7,B,0.2611
100,48,8,O,0.1663
100,48,8,Y,0.2966
100,48,8,B,0.5371
100,48,9,O,0.0536
100,48,9,Y,0.1585
100,48,9,B,0.7879
100,48,10,O,0.0031
100,48,10,Y,0.0201
100,48,10,B,0.9768
100,48,11,O,0.0
100,48,11,Y,0.0396
100,48,11,B,0.9604
100,48,12,O,0.0
100,48,12,Y,0.1569
100,48,12,B,0.8431
100,48,13,O,0.0
100,48,13,Y,0.2092
100,48,13,B,0.7908
100,48,14,O,0.0
100,48,14,Y,0.2434
100,48,14,B,0.7566
100,48,15,O,0.0
100,48,15,Y,0.3094
100,48,15,B,0.6906
100,48,16,O,0.0
100,48,16,Y,0.2844
100,48,16,B,0.7156
100,48,17,O,0.0
100,48,17,Y,0.2854
100,48,17,B,0.7146
100,48,18,O,0.0
100,48,18,Y,0.2729
100,48,18,B,0.7271
100,48,19,O,0.0
100,48,19,Y,0.291
100,48,19,B,0.709
100,48,20,O,0.0
100,48,20,Y,0.27
100,48,20,B,0.73
100,48,21,O,0.0
100,48,21,Y,0.2626
100,48,21,B,0.7374
100,48,22,O,0.0
100,48,22,Y,0.2522
100,48,22,B,0.7478
100,48,23,O,0.0
100,48,23,Y,0.208
100,48,23,B,0.792
100,49,0,O,0.1109
100,49,0,Y,0.8891
100,49,0,B,0.0
100,49,1,O,0.1677
100,49,1,Y,0.6291
100,49,1,B,0.2032
100,49,2,O,0.2901
100,49,2,Y,0.4939
100,49,2,B,0.216
100,49,3,O,0.1343
100,49,3,Y,0.5037
100,49,3,B,0.362
100,49,4,O,0.1249
100,49,4,Y,0.5585
100,49,4,B,0.3166
100,49,5,O,0.2002
100,49,5,Y,0.4876
100,49,5,B,0.3122
100,49,6,O,0.2113
100,49,6,Y,0.4927
100,49,6,B,0.296
100,49,7,O,0.3803
100,49,7,Y,0.3612
100,49,7,B,0.2585
100,49,8,O,0.1494
100,49,8,Y,0.3009
100,49,8,B,0.5497
100,49,9,O,0.0582
100,49,9,Y,0.1464
100,49,9,B,0.7954
100,49,10,O,0.0006
100,49,10,Y,0.0065
100,49,10,B,0.9929
100,49,11,O,0.0
100,49,11,Y,0.0466
100,49,11,B,0.9534
100,49,12,O,0.0
100,49,12,Y,0.1658
100,49,12,B,0.8342
100,49,13,O,0.0
100,49,13,Y,0.2084
100,49,13,B,0.7916
100,49,14,O,0.0
100,49,14,Y,0.2575
100,49,14,B,0.7425
100,49,15,O,0.0
100,49,15,Y,0.3079
100,49,15,B,0.6921
100,49,16,O,0.0
100,49,16,Y,0.2871
100,49,16,B,0.7129
100,49,17,O,0.0
100,49,17,Y,0.2657
100,49,17,B,0.7343
100,49,18,O,0.0
100,49,18,Y,0.2773
100,49,18,B,0.7227
100,49,19,O,0.0
100,49,19,Y,0.2756
100,49,19,B,0.7244
100,49,20,O,0.0
100,49,20,Y,0.2439
100,49,20,B,0.7561
100,49,21,O,0.0
100,49,21,Y,0.2518
100,49,21,B,0.7482
100,49,22,O,0.0
100,49,22,Y,0.2467
100,49,22,B,0.7533
100,49,23,O,0.0
100,49,23,Y,0.2777
100,49,23,B,0.7223
